"src_id","dst_id","count"
"+CY58D3RXbaPGtbNczkwkA==","0yd99stpXMW98ycgIDk9Mg==",53
"+CY58D3RXbaPGtbNczkwkA==","1SPLf5bUUHGLwuTcWsh00Q==",20
"+CY58D3RXbaPGtbNczkwkA==","1fqkJPEgWNSBSjshlZZ4Wg==",15
"+CY58D3RXbaPGtbNczkwkA==","3ZjoxOm+X8KGpWJD66yXWg==",79257
"+CY58D3RXbaPGtbNczkwkA==","8/onIJz0VGSOnlTBcomH/A==",41
"+CY58D3RXbaPGtbNczkwkA==","9JUSUMsSXyaB4u3sXFcV0A==",2
"+CY58D3RXbaPGtbNczkwkA==","FukCM9cSUQmDoCW1mknvqw==",3
"+CY58D3RXbaPGtbNczkwkA==","GCtef0QTUiy12ZM6oNEfWw==",70
"+CY58D3RXbaPGtbNczkwkA==","Ovg0NFm1VDOPpexKrs5WQg==",2
"+CY58D3RXbaPGtbNczkwkA==","PoSqYz3aWaO7qtwXpqVtVg==",8
"+CY58D3RXbaPGtbNczkwkA==","Srdkce9RXdWwCAWrKNDb7g==",5
"+CY58D3RXbaPGtbNczkwkA==","UsduglmKXmyFRAc0W1RYfQ==",33
"+CY58D3RXbaPGtbNczkwkA==","X2e494wFUMWWQhWEkW7/FQ==",8
"+CY58D3RXbaPGtbNczkwkA==","ZU8nboQcW8GT0q45iNABwg==",1
"+CY58D3RXbaPGtbNczkwkA==","apRmw0t/W46dIkrWHylbnw==",5
"+CY58D3RXbaPGtbNczkwkA==","atrlSOX/UquCVOuYzsNBQA==",2
"+CY58D3RXbaPGtbNczkwkA==","bIxOnHq5VL2IAGvo+a5D4w==",8
"+CY58D3RXbaPGtbNczkwkA==","cg6aXEoZXr2UOHBr16zEmw==",9
"+CY58D3RXbaPGtbNczkwkA==","cnoKxVLfXtm3+oOevV1J4A==",5
"+CY58D3RXbaPGtbNczkwkA==","eLsQi4mdUTiDSVOJmFjeTA==",1
"+CY58D3RXbaPGtbNczkwkA==","hBFBYpQDUm+wh3AE3xqDsg==",22
"+CY58D3RXbaPGtbNczkwkA==","hXwL7+l1WPilaw0xViU4Lg==",1
"+CY58D3RXbaPGtbNczkwkA==","kqrr1loKV42bDIZBlAP7lw==",1
"+CY58D3RXbaPGtbNczkwkA==","pyt4woa8Voq16D/qW/1Tbg==",14
"+CY58D3RXbaPGtbNczkwkA==","sVOMKl8XX0ijv5FXs9ZeIA==",2
"+CY58D3RXbaPGtbNczkwkA==","tCgVQdMrXEKvgtYNrd00eA==",93
"+CY58D3RXbaPGtbNczkwkA==","vxpmeNmsVly8BAUu2ZERxQ==",4
"+CY58D3RXbaPGtbNczkwkA==","wmzFyHv/XqihxJF6cqPnzQ==",8
"+CY58D3RXbaPGtbNczkwkA==","woWx+ET8WUOUxMyVyq+Ryg==",5
"+CY58D3RXbaPGtbNczkwkA==","zzY/xgpdXhm3ORHIkr25UA==",2
"+DdzssCZV7uqeb9HmMVH0w==","+CY58D3RXbaPGtbNczkwkA==",1
"+DdzssCZV7uqeb9HmMVH0w==","0yd99stpXMW98ycgIDk9Mg==",4
"+DdzssCZV7uqeb9HmMVH0w==","3ZjoxOm+X8KGpWJD66yXWg==",1250
"+DdzssCZV7uqeb9HmMVH0w==","Vtjf1GuoWfq0F5w6zyHDAw==",4
"+FUkOYHdVC61FAcKgTpVXw==","HU07gYV0ULCbEr6YjJWk/A==",96
"+HQj1uJoXJWw37uphP9TWA==","0yd99stpXMW98ycgIDk9Mg==",3
"+HQj1uJoXJWw37uphP9TWA==","1SPLf5bUUHGLwuTcWsh00Q==",2
"+HQj1uJoXJWw37uphP9TWA==","3ZjoxOm+X8KGpWJD66yXWg==",180
"+HQj1uJoXJWw37uphP9TWA==","HL6mOmwyXrq4T9XmF2Ufjg==",1
"+HQj1uJoXJWw37uphP9TWA==","KTfNu+tJXd258Z6nKPH86w==",4290
"+hfMlVKzU4uM0wM7hjS69g==","BxlB6zCnVA6XXHcDqSfkJg==",8
"+mMYqJHPWGGWDSYEX8iXNA==","3ZjoxOm+X8KGpWJD66yXWg==",5
"+mMYqJHPWGGWDSYEX8iXNA==","6ZbUa4oCV12RGEVmQDWLAw==",3
"+mMYqJHPWGGWDSYEX8iXNA==","bvsf/v3eVaSy6+qo8yH+3g==",3
"+mMYqJHPWGGWDSYEX8iXNA==","ggEiTFbXUQqBDHQoPSxigg==",3
"+mMYqJHPWGGWDSYEX8iXNA==","knL4iT1RUhGgnDrFoYLvAg==",6
"+mMYqJHPWGGWDSYEX8iXNA==","xkaIo1YnULqEKuIatmYDPw==",12
"/+mP4VQOUY2BDV/p/n9QbQ==","/aDIi5plWtaqV18NEoUz/w==",1
"/7s2DpxVVKCpNERdop9j5Q==","3ZjoxOm+X8KGpWJD66yXWg==",4476
"/91sTz4VXimwbbg+4K0HLA==","3ZjoxOm+X8KGpWJD66yXWg==",20
"/GOUN58yXXKqezfJYszPyA==","3ZjoxOm+X8KGpWJD66yXWg==",3
"/GOUN58yXXKqezfJYszPyA==","SnyAi+51UdqIWBQ/apr52Q==",4
"/VUAliOJWEuJSXxEzzRbqQ==","3ZjoxOm+X8KGpWJD66yXWg==",2
"/W+rEWQuXjaWKK8w99eEtQ==","3ZjoxOm+X8KGpWJD66yXWg==",38
"/WPWKNNQXJu+0EGVOKoWxA==","3ZjoxOm+X8KGpWJD66yXWg==",14
"/XamnRZsX02zxPd4wB0hLA==","3ZjoxOm+X8KGpWJD66yXWg==",1
"/t/Orqw3XWm0ZCcR/wTqTg==","3ZjoxOm+X8KGpWJD66yXWg==",8
"/ugUQJoSVJSrRw90s7brrg==","3ZjoxOm+X8KGpWJD66yXWg==",6
"/yJhWRL4WO+K6hF347eW7A==","3ZjoxOm+X8KGpWJD66yXWg==",79
"04dfYJ94X5yBcafH1VXsAA==","HL6mOmwyXrq4T9XmF2Ufjg==",2
"07VTllmcWIKgXQJupiivVw==","as1QA6PFUBys0rnBUDjW/w==",2
"09gSzRdCU+i+6DWFlRBOfA==","A2/D08VXWYucdlZBbIJu+g==",4
"0DWnV9FmWaOW+kyRjtWLBg==","8/onIJz0VGSOnlTBcomH/A==",33
"0Ex1U+GjVe6nY/9UcEEMYA==","3ZjoxOm+X8KGpWJD66yXWg==",48
"0dBqquBvVn6v+tOoTZxr7A==","/91sTz4VXimwbbg+4K0HLA==",3
"0dBqquBvVn6v+tOoTZxr7A==","Gx05AqWBW2OIWT/aXFD1Pg==",1
"0dBqquBvVn6v+tOoTZxr7A==","UsduglmKXmyFRAc0W1RYfQ==",1
"0dBqquBvVn6v+tOoTZxr7A==","XaI/R00wVW2GRHlJuutPwQ==",1
"0nBNEZJVXHeGfsQn5m1O7Q==","+CY58D3RXbaPGtbNczkwkA==",8
"0nBNEZJVXHeGfsQn5m1O7Q==","JmtU67g5W1+VJEPLS+PdfQ==",1
"0nBNEZJVXHeGfsQn5m1O7Q==","Vtjf1GuoWfq0F5w6zyHDAw==",4
"0nBNEZJVXHeGfsQn5m1O7Q==","YjDjrz4lU3y63hvJ5k6VyA==",1188
"0nBNEZJVXHeGfsQn5m1O7Q==","aBeBhnh9XL+PYjNABKrLGw==",462
"0nBNEZJVXHeGfsQn5m1O7Q==","hBFBYpQDUm+wh3AE3xqDsg==",4
"0nBNEZJVXHeGfsQn5m1O7Q==","vI4VS4sTXWyTNqHtBlW4FQ==",5
"0puw2n2hUWGnW3nQZdn2bg==","h4ldt0z6VCOPrzsYTVwTtA==",2
"0yd99stpXMW98ycgIDk9Mg==","3ZjoxOm+X8KGpWJD66yXWg==",2311
"0yd99stpXMW98ycgIDk9Mg==","8/onIJz0VGSOnlTBcomH/A==",1
"0yd99stpXMW98ycgIDk9Mg==","GCtef0QTUiy12ZM6oNEfWw==",1
"0yd99stpXMW98ycgIDk9Mg==","PrR+s+uSW8iPdM80d/2oKw==",1
"0yd99stpXMW98ycgIDk9Mg==","qgjzjREjXt2wWolej06d8Q==",2
"12D2xfeaXE2/TclkbRn5eg==","3ZjoxOm+X8KGpWJD66yXWg==",18
"12qgGYtSXj2BZWVyS2FC2g==","3ZjoxOm+X8KGpWJD66yXWg==",9
"1F8pZXUnVKGWejxvo8JRGA==","3ZjoxOm+X8KGpWJD66yXWg==",1
"1JuP2+dLWSKuzLkLBRpQyQ==","3ZjoxOm+X8KGpWJD66yXWg==",10
"1JuP2+dLWSKuzLkLBRpQyQ==","C8K3waglWbW2KIMj+WeACg==",1
"1SPLf5bUUHGLwuTcWsh00Q==","3wWKmgqSVJGtKYKK/DptCA==",1
"1SPLf5bUUHGLwuTcWsh00Q==","Db0qJZP8VmCYCNFzP7tjdA==",2
"1SPLf5bUUHGLwuTcWsh00Q==","JmtU67g5W1+VJEPLS+PdfQ==",2
"1SPLf5bUUHGLwuTcWsh00Q==","Srdkce9RXdWwCAWrKNDb7g==",14
"1V674SC2Vt6NpWi2vIatbg==","3ZjoxOm+X8KGpWJD66yXWg==",48
"1fqkJPEgWNSBSjshlZZ4Wg==","DKvZCSYOXzmybBp410Qmgw==",1
"1fqkJPEgWNSBSjshlZZ4Wg==","bnjxjjPeUtiO4U9YMVd7PA==",1
"1fqkJPEgWNSBSjshlZZ4Wg==","h4ldt0z6VCOPrzsYTVwTtA==",1
"1fqkJPEgWNSBSjshlZZ4Wg==","jFeJ8H65VviMiIikyLHE+g==",2
"1fqkJPEgWNSBSjshlZZ4Wg==","nZQx2UpsXg+9clU+PY+BDQ==",6
"1hOZh3vsWAOpccd9nsKkNQ==","JA/PT4KrV3+9NjVoo6bYhQ==",2970
"1kOLuS8gX3CUKML7+Q2EGA==","3ZjoxOm+X8KGpWJD66yXWg==",1
"1s8+SKkkX3aQh366576/AA==","3ZjoxOm+X8KGpWJD66yXWg==",46
"1uKQoNROXFCgF7s7oBPZPQ==","3ZjoxOm+X8KGpWJD66yXWg==",8
"2GHsZTknXtaGnOo8H4JEVQ==","3ZjoxOm+X8KGpWJD66yXWg==",17
"2NrFxHDGVNKOsgVXsLWeAA==","3ZjoxOm+X8KGpWJD66yXWg==",187
"2Pz7B1NrXw+2gwdKytr78A==","3ZjoxOm+X8KGpWJD66yXWg==",9
"2StaeIX3XQGO/xBetKDphQ==","JARsKB/KVqiVlCEIh5Y7MQ==",1
"2StaeIX3XQGO/xBetKDphQ==","OOVH0nAAXA+ULc5Mr7L9fw==",1
"2bfnLV8xVFKY+Dq9b0xj2A==","3ZjoxOm+X8KGpWJD66yXWg==",19
"2gs5HRFZWwKXh7Trdz4HHw==","3ZjoxOm+X8KGpWJD66yXWg==",992
"2hDSQ+WEXIivelf7ergY8g==","+CY58D3RXbaPGtbNczkwkA==",5
"2hDSQ+WEXIivelf7ergY8g==","3ZjoxOm+X8KGpWJD66yXWg==",862
"2hDSQ+WEXIivelf7ergY8g==","TBbs/JN1URyb16Lqy/l6lg==",2
"2hDSQ+WEXIivelf7ergY8g==","X2e494wFUMWWQhWEkW7/FQ==",4
"2hDSQ+WEXIivelf7ergY8g==","cnoKxVLfXtm3+oOevV1J4A==",6
"2hDSQ+WEXIivelf7ergY8g==","j6n2bGr8WFaYEVLphY50Dg==",1
"2hDSQ+WEXIivelf7ergY8g==","jFeJ8H65VviMiIikyLHE+g==",5
"2hDSQ+WEXIivelf7ergY8g==","xGaQawfDWd+xGS1VIONOwQ==",2
"2lYyCDUpUB2IsS2LFMOzew==","3ZjoxOm+X8KGpWJD66yXWg==",3
"2n+yTxarXWGGQOHmKa0miQ==","3ZjoxOm+X8KGpWJD66yXWg==",98
"2o3H/BJLWFiyVsF7IuT9pQ==","3ZjoxOm+X8KGpWJD66yXWg==",2
"2ya91/qvXDaqIgw/2Ok/NA==","3ZjoxOm+X8KGpWJD66yXWg==",3961
"2ya91/qvXDaqIgw/2Ok/NA==","8/onIJz0VGSOnlTBcomH/A==",7
"2ya91/qvXDaqIgw/2Ok/NA==","CZqEKjdwXe+WG7rTgg2zlw==",2
"2ya91/qvXDaqIgw/2Ok/NA==","Vtjf1GuoWfq0F5w6zyHDAw==",2
"2ya91/qvXDaqIgw/2Ok/NA==","pyt4woa8Voq16D/qW/1Tbg==",10
"38VVTZg6VTuFr3RLdkVotg==","+CY58D3RXbaPGtbNczkwkA==",2
"38VVTZg6VTuFr3RLdkVotg==","3ZjoxOm+X8KGpWJD66yXWg==",2
"38VVTZg6VTuFr3RLdkVotg==","JmtU67g5W1+VJEPLS+PdfQ==",2
"38VVTZg6VTuFr3RLdkVotg==","kqrr1loKV42bDIZBlAP7lw==",4
"3K/mpRvTXiqQqqx6qSDFfQ==","3ZjoxOm+X8KGpWJD66yXWg==",7
"3X/q9+lrVP+dXMrfxfJhRw==","GDAiJnsLU+eLYB1GdOY8Bg==",155
"3ZjoxOm+X8KGpWJD66yXWg==","/TnQzNe0UU+5YPW9nU/h7A==",2
"3ZjoxOm+X8KGpWJD66yXWg==","/t/Orqw3XWm0ZCcR/wTqTg==",1
"3ZjoxOm+X8KGpWJD66yXWg==","/yz0vd+wWzaIofy7xApwbw==",8
"3ZjoxOm+X8KGpWJD66yXWg==","2ya91/qvXDaqIgw/2Ok/NA==",3
"3ZjoxOm+X8KGpWJD66yXWg==","4+ezgKjAV9uyQy9iLjyAHQ==",1
"3ZjoxOm+X8KGpWJD66yXWg==","6EKPfBcAUOG4wCtMs4zeog==",1
"3ZjoxOm+X8KGpWJD66yXWg==","8yIi+4DlW2WEvGJ3eHZBiw==",1
"3ZjoxOm+X8KGpWJD66yXWg==","9Nsli2BzXUqtTiCJ0rps+w==",1
"3ZjoxOm+X8KGpWJD66yXWg==","9Q89GXFUX+CxlrUEPJd3sA==",1
"3ZjoxOm+X8KGpWJD66yXWg==","E4133Ta9UzKsUxhwDaJUrA==",2
"3ZjoxOm+X8KGpWJD66yXWg==","EKgJ7vrNWY+jgVoL6TfPng==",14
"3ZjoxOm+X8KGpWJD66yXWg==","HRDamsGmXkOxy0wM5hPY8w==",1
"3ZjoxOm+X8KGpWJD66yXWg==","HRQhK6LoX3CdddKCZj9qSQ==",3
"3ZjoxOm+X8KGpWJD66yXWg==","HU07gYV0ULCbEr6YjJWk/A==",244
"3ZjoxOm+X8KGpWJD66yXWg==","HZ+PRwxSXsCL8zvu2amm8A==",7
"3ZjoxOm+X8KGpWJD66yXWg==","Hue0a4jFWpCNlQveJHeb9Q==",2
"3ZjoxOm+X8KGpWJD66yXWg==","IJG/EPpRXtmZsUjKN2nXcQ==",1
"3ZjoxOm+X8KGpWJD66yXWg==","J4CLdF7rXlKyQ0OJlGxAqQ==",1
"3ZjoxOm+X8KGpWJD66yXWg==","J7l1f/EAWlGf/maKnLjakw==",35
"3ZjoxOm+X8KGpWJD66yXWg==","K2ICExmMVHaiiBlPJyCT2w==",1
"3ZjoxOm+X8KGpWJD66yXWg==","QVtntelmUZWsWtcEHMfWmQ==",1
"3ZjoxOm+X8KGpWJD66yXWg==","Qq1bBdINUGSGqkwrhny7/w==",8
"3ZjoxOm+X8KGpWJD66yXWg==","RbxtSgpOW5iqYgafVz558g==",1
"3ZjoxOm+X8KGpWJD66yXWg==","SkeucWMbU4+ZKEUMKPkoxA==",2
"3ZjoxOm+X8KGpWJD66yXWg==","Srdkce9RXdWwCAWrKNDb7g==",402
"3ZjoxOm+X8KGpWJD66yXWg==","T9k1Z5DLX7+iLCHSMpp9Jw==",210
"3ZjoxOm+X8KGpWJD66yXWg==","TENZG2feV5m5KT7rTkKd8g==",3
"3ZjoxOm+X8KGpWJD66yXWg==","URqgqdbEXtqWjajpI2j7gQ==",357
"3ZjoxOm+X8KGpWJD66yXWg==","WE1dohKvW0WXJL9UHrL5YA==",1
"3ZjoxOm+X8KGpWJD66yXWg==","YYU9aglMUEeUGomfzryJ7Q==",2
"3ZjoxOm+X8KGpWJD66yXWg==","YjDjrz4lU3y63hvJ5k6VyA==",7
"3ZjoxOm+X8KGpWJD66yXWg==","ZjPb4nJsU6ygU5YL3FeRwA==",2
"3ZjoxOm+X8KGpWJD66yXWg==","aRM7/22xXS6Yu2hWR0VVSw==",5
"3ZjoxOm+X8KGpWJD66yXWg==","bPLUMfdAVVKWKWi2GKHhUg==",1
"3ZjoxOm+X8KGpWJD66yXWg==","cnoKxVLfXtm3+oOevV1J4A==",11
"3ZjoxOm+X8KGpWJD66yXWg==","d/2L/jRnX8yt+//3UZqujA==",4
"3ZjoxOm+X8KGpWJD66yXWg==","dOHFDXBPWUq3GFd5B6zj3g==",62
"3ZjoxOm+X8KGpWJD66yXWg==","dRbYQ0QtUhKkWPTviXKNPA==",4
"3ZjoxOm+X8KGpWJD66yXWg==","eDXrYWdlWEifbARcwLwPDw==",1
"3ZjoxOm+X8KGpWJD66yXWg==","hBFBYpQDUm+wh3AE3xqDsg==",105
"3ZjoxOm+X8KGpWJD66yXWg==","hBY1d+a0Vc2xJ1nY7H4tZw==",2
"3ZjoxOm+X8KGpWJD66yXWg==","j5lYzq25XpSGFJgRE1PzCA==",1
"3ZjoxOm+X8KGpWJD66yXWg==","jjJO4sE+X1KtEV4SOdemig==",1
"3ZjoxOm+X8KGpWJD66yXWg==","jv6bDYmyUj2HQVc6UAJPuw==",1
"3ZjoxOm+X8KGpWJD66yXWg==","l4NlXn7TWr6sLeGGDEbXfQ==",1
"3ZjoxOm+X8KGpWJD66yXWg==","mDwdU9lCWuSKnHOOPqV7Pw==",15
"3ZjoxOm+X8KGpWJD66yXWg==","n8fDHDG0X9aPdxT7h+0fGQ==",3
"3ZjoxOm+X8KGpWJD66yXWg==","pA1sZjvYW8Svhc22+PHOLg==",30
"3ZjoxOm+X8KGpWJD66yXWg==","ppgYcr/hW9CZzF9XhMNclw==",3
"3ZjoxOm+X8KGpWJD66yXWg==","q/I3jNUSW0SqxPNjlru/jQ==",6
"3ZjoxOm+X8KGpWJD66yXWg==","qPrroFcSXeS33msOIgx1xA==",6
"3ZjoxOm+X8KGpWJD66yXWg==","qXSp7yTDUKmxAcqMmrZ+dw==",1
"3ZjoxOm+X8KGpWJD66yXWg==","rhwJZ2ZxXBmWhV8uPSgT7A==",1
"3ZjoxOm+X8KGpWJD66yXWg==","siR+E3QOUi+0DPb+nN1saA==",1
"3ZjoxOm+X8KGpWJD66yXWg==","snoF3ZWlUWO2KZ+xGy+ldA==",2
"3ZjoxOm+X8KGpWJD66yXWg==","tCgVQdMrXEKvgtYNrd00eA==",16
"3ZjoxOm+X8KGpWJD66yXWg==","vxpmeNmsVly8BAUu2ZERxQ==",28
"3ZjoxOm+X8KGpWJD66yXWg==","x+tvD7UnV3ybTXCjXmc2aQ==",43
"3ZjoxOm+X8KGpWJD66yXWg==","zQyeVPluXYyFYQJ5RpwTLQ==",6
"3arDDv9EWEimXdTNNtoMDw==","3ZjoxOm+X8KGpWJD66yXWg==",3
"3arDDv9EWEimXdTNNtoMDw==","pzJZkyU1UDW/XyX1e+aK9Q==",49
"3ilqtA9+WG2N7aBjWDTbXg==","3ZjoxOm+X8KGpWJD66yXWg==",13
"3k1XaPDLVTKg+7f6mdMQHQ==","3ZjoxOm+X8KGpWJD66yXWg==",1
"3lCRNVFtV1GLVm9kq4okqQ==","3ZjoxOm+X8KGpWJD66yXWg==",13
"3qlujfe1U7qQldsfERV26w==","3ZjoxOm+X8KGpWJD66yXWg==",262
"41ZELm6lWHmQEtqjIePbiQ==","3ZjoxOm+X8KGpWJD66yXWg==",12
"41btI3L3WgmRGjXPLJ0JEA==","3ZjoxOm+X8KGpWJD66yXWg==",5
"44Z2UQ5YXGOJL5+X9FVbsw==","3ZjoxOm+X8KGpWJD66yXWg==",9
"46CSsr2JVHeT3b7zh/kxTA==","3ZjoxOm+X8KGpWJD66yXWg==",3
"46ZlBYMQWdyeZ6rbxwg6Ew==","3ZjoxOm+X8KGpWJD66yXWg==",8
"46ZlBYMQWdyeZ6rbxwg6Ew==","6fDihlrSU++jREyet9YHnw==",13
"46ZlBYMQWdyeZ6rbxwg6Ew==","7ElgNgtfXOypXmz96lV5/w==",2419
"46ZlBYMQWdyeZ6rbxwg6Ew==","cnoKxVLfXtm3+oOevV1J4A==",7
"48YiUGwzUH6F0MBqh+OprA==","3ZjoxOm+X8KGpWJD66yXWg==",47
"4AQImhlpUlumNkbgCu5b3Q==","3ZjoxOm+X8KGpWJD66yXWg==",1487
"4DoFoSatW8a4pThT1nWRig==","3ZjoxOm+X8KGpWJD66yXWg==",2
"4I4ZY4EFUcSPWg0LxICdnw==","3ZjoxOm+X8KGpWJD66yXWg==",1
"4JRPHj7xX1KQ4X5I02bEww==","3ZjoxOm+X8KGpWJD66yXWg==",4
"4Jgnng5kWXq0R2rnUBcsEg==","pOuScQzsUYeOzq9cpRLJZw==",285
"4QN7xZ3hVAmk6KYHlBosKw==","m5UjF6K3VRK92uKtpO4bDA==",1
"4aHnk1JMWOKUH3BTnM0NzA==","3ZjoxOm+X8KGpWJD66yXWg==",13
"4bRcd/DUWUm5ge2BAA3ntg==","pA1sZjvYW8Svhc22+PHOLg==",3
"4f17sDGYXeqLY3tw7vnriQ==","8/onIJz0VGSOnlTBcomH/A==",1
"4gyqFl04XFumeSsYuZl4kA==","3ZjoxOm+X8KGpWJD66yXWg==",9
"4i3Vo8OoWHysEIx23R2w4Q==","vI4VS4sTXWyTNqHtBlW4FQ==",4
"4z6uE8zjVd6oJpBrtkqdkQ==","3ZjoxOm+X8KGpWJD66yXWg==",176
"4zPZ7IxRXrq8dAhm2HOKlg==","3ZjoxOm+X8KGpWJD66yXWg==",6
"5+yFoF1YUC6YtN0PB3MvDA==","rg4hxI3cUPySCFMggKMhiw==",2
"55OeypT1Vey3UJqqFyu91g==","3ZjoxOm+X8KGpWJD66yXWg==",15
"55OeypT1Vey3UJqqFyu91g==","qTZPk3iiUkKvll/8cFoXdQ==",2
"58Uw5vbdUHGs6QroEQWjFw==","3ZjoxOm+X8KGpWJD66yXWg==",2
"5BwZJOg9VCGgoxe39yZ2Eg==","fzeYlK16Xk+l9DVZFbW5/Q==",3
"5Co4EgKyXvms5UVCH6A0LQ==","3ZjoxOm+X8KGpWJD66yXWg==",3
"5Dq2uQP8UJahm97+2JTjvQ==","3ZjoxOm+X8KGpWJD66yXWg==",18
"5F+yTNI+WgCUEm6VBkmWtQ==","3ZjoxOm+X8KGpWJD66yXWg==",4
"5Fw3Mh7ZVFWFiivKlRPNpw==","3ZjoxOm+X8KGpWJD66yXWg==",4
"5H2M3ei9UH24rvOVBniopw==","3ZjoxOm+X8KGpWJD66yXWg==",52
"5K7m+hhxXjmsH5rHeY21Eg==","3ZjoxOm+X8KGpWJD66yXWg==",4
"5a2qOKUOVMCi+5gIEd8+Gw==","DccIetUEXc6Z8QV7/AvZyw==",1
"5alK7D6IXk26A9fxNoh/NA==","3ZjoxOm+X8KGpWJD66yXWg==",12
"5alK7D6IXk26A9fxNoh/NA==","cQVtHk6VW+eKLEfl+T6o8g==",4
"5i0XRT++VuKT8xA0Qeq1xA==","3ZjoxOm+X8KGpWJD66yXWg==",330
"5nCfGugqXK6ZW64hdQvEtQ==","3ZjoxOm+X8KGpWJD66yXWg==",495
"5swg/cdTWXyYA+RsVHbd4A==","Db0qJZP8VmCYCNFzP7tjdA==",3
"63oqDVbvWxiOUdR7TckE5Q==","3ZjoxOm+X8KGpWJD66yXWg==",1679
"64oIOZINVD+HrUlmhVPbTQ==","3ZjoxOm+X8KGpWJD66yXWg==",5
"66i3GZtLVgGLruZhR5RF3Q==","3ZjoxOm+X8KGpWJD66yXWg==",78
"66i3GZtLVgGLruZhR5RF3Q==","xkaIo1YnULqEKuIatmYDPw==",91
"69gZFv9pXwiq7rZXjTJVCQ==","3ZjoxOm+X8KGpWJD66yXWg==",1
"6EPYORlXWqmcoBONK/fBng==","rgBpEQPoV6ujDT191qgvRQ==",2
"6NpF/ExsXtSg8fzvgsgTtw==","3ZjoxOm+X8KGpWJD66yXWg==",200
"6ZbUa4oCV12RGEVmQDWLAw==","Db0qJZP8VmCYCNFzP7tjdA==",5
"6ZbUa4oCV12RGEVmQDWLAw==","GCtef0QTUiy12ZM6oNEfWw==",92
"6ZbUa4oCV12RGEVmQDWLAw==","HL6mOmwyXrq4T9XmF2Ufjg==",3
"6ZbUa4oCV12RGEVmQDWLAw==","Vtjf1GuoWfq0F5w6zyHDAw==",7
"6ZbUa4oCV12RGEVmQDWLAw==","cnoKxVLfXtm3+oOevV1J4A==",38
"6ZbUa4oCV12RGEVmQDWLAw==","dOHFDXBPWUq3GFd5B6zj3g==",2
"6ZbUa4oCV12RGEVmQDWLAw==","hpkEp0jqXbWARSMZUf+b8g==",1
"6ZbUa4oCV12RGEVmQDWLAw==","jFeJ8H65VviMiIikyLHE+g==",10
"6ZbUa4oCV12RGEVmQDWLAw==","n00G6ay+UTGZ902wmUwrsw==",15
"6tcYm0Y0U+SqZDgb3DSn0A==","3ZjoxOm+X8KGpWJD66yXWg==",229915
"7D3UskXZVx2+mdf6LrLYsA==","6tcYm0Y0U+SqZDgb3DSn0A==",656
"7DG6fyszX2KaykUnDChKQw==","3ZjoxOm+X8KGpWJD66yXWg==",577
"7FkO7DLuVxaBFYcpmU6hgg==","3ZjoxOm+X8KGpWJD66yXWg==",443
"7FudohRMUnWMJCjS+g9s0w==","3ZjoxOm+X8KGpWJD66yXWg==",79
"8/onIJz0VGSOnlTBcomH/A==","+HQj1uJoXJWw37uphP9TWA==",3
"8/onIJz0VGSOnlTBcomH/A==","2gs5HRFZWwKXh7Trdz4HHw==",1
"8/onIJz0VGSOnlTBcomH/A==","5K7m+hhxXjmsH5rHeY21Eg==",2
"8/onIJz0VGSOnlTBcomH/A==","6tcYm0Y0U+SqZDgb3DSn0A==",2
"8/onIJz0VGSOnlTBcomH/A==","8f3p/g5BX8iICnIy/OvR3Q==",1
"8/onIJz0VGSOnlTBcomH/A==","8ok51eVmXTeSk0FlgAC/7w==",2
"8/onIJz0VGSOnlTBcomH/A==","9JUSUMsSXyaB4u3sXFcV0A==",2
"8/onIJz0VGSOnlTBcomH/A==","CZqEKjdwXe+WG7rTgg2zlw==",8
"8/onIJz0VGSOnlTBcomH/A==","GCtef0QTUiy12ZM6oNEfWw==",25
"8/onIJz0VGSOnlTBcomH/A==","HEU3JYMsWk2mBMRoyOwB1A==",5
"8/onIJz0VGSOnlTBcomH/A==","HL6mOmwyXrq4T9XmF2Ufjg==",20
"8/onIJz0VGSOnlTBcomH/A==","IkSJRSmTXWOy4lVmRqZgGA==",4
"8/onIJz0VGSOnlTBcomH/A==","Qq1bBdINUGSGqkwrhny7/w==",1
"8/onIJz0VGSOnlTBcomH/A==","Srdkce9RXdWwCAWrKNDb7g==",23
"8/onIJz0VGSOnlTBcomH/A==","UsduglmKXmyFRAc0W1RYfQ==",3
"8/onIJz0VGSOnlTBcomH/A==","Vtjf1GuoWfq0F5w6zyHDAw==",94
"8/onIJz0VGSOnlTBcomH/A==","W66kbTazWAit1lMt0w4IJg==",4
"8/onIJz0VGSOnlTBcomH/A==","Z98tvJywV4Syj3XFzxN7sA==",7
"8/onIJz0VGSOnlTBcomH/A==","a3yne141Wr6VPW9/GheDbg==",3
"8/onIJz0VGSOnlTBcomH/A==","i7cJl2FlUZCUCa4+gbUnPg==",17
"8/onIJz0VGSOnlTBcomH/A==","sAxCJxb6VcSioIJLzJYmUA==",8
"8/onIJz0VGSOnlTBcomH/A==","siR+E3QOUi+0DPb+nN1saA==",7
"8/onIJz0VGSOnlTBcomH/A==","vDPvPO6CWj6x6aKKfRc3xA==",2
"8/onIJz0VGSOnlTBcomH/A==","wIix0MDHXFemSQCYSdn+wQ==",1
"8/onIJz0VGSOnlTBcomH/A==","xhOL+z6SWz2P4/b0F1pa8Q==",1
"8/onIJz0VGSOnlTBcomH/A==","xxsEfgU3WEifs7dEn+8chQ==",4
"8/onIJz0VGSOnlTBcomH/A==","y5HnN5F2X6WKODFxGkUg/Q==",7
"81yZePd7XH6kkvcOA6dJ+Q==","3ZjoxOm+X8KGpWJD66yXWg==",52
"83Ooyh/aVsGli40mbv2ukw==","3ZjoxOm+X8KGpWJD66yXWg==",17
"85dHRP+SUmqyGRysl5Jbvg==","2ya91/qvXDaqIgw/2Ok/NA==",1
"8A1pgHewVWGV516354v0tg==","3ZjoxOm+X8KGpWJD66yXWg==",2
"8WR9UKRKWwWLHcyBN6tSJw==","3ZjoxOm+X8KGpWJD66yXWg==",98
"8ccS8wRTVjetlCpAf5UxeA==","3ZjoxOm+X8KGpWJD66yXWg==",2
"8fXoE7PcXjWIwutXLkx9Pg==","3ZjoxOm+X8KGpWJD66yXWg==",3
"8lx2b3SYUEudKZgxGbcs8w==","6tcYm0Y0U+SqZDgb3DSn0A==",144
"8lxpd/5oViugk4ICCpD55w==","GCtef0QTUiy12ZM6oNEfWw==",2
"8qNnL5tDX2ChD0QYsJRPnQ==","3ZjoxOm+X8KGpWJD66yXWg==",4023
"8qNnL5tDX2ChD0QYsJRPnQ==","aBeBhnh9XL+PYjNABKrLGw==",15
"8qNnL5tDX2ChD0QYsJRPnQ==","cnoKxVLfXtm3+oOevV1J4A==",5
"8qNnL5tDX2ChD0QYsJRPnQ==","r7lO6KyUXgG+te/Y4DTTMg==",2
"8wkK/zEkWVO9JwV8t1yofw==","3ZjoxOm+X8KGpWJD66yXWg==",117
"8yIi+4DlW2WEvGJ3eHZBiw==","3ZjoxOm+X8KGpWJD66yXWg==",3
"8yxz7ldrV+2tw3F59FviRQ==","HU07gYV0ULCbEr6YjJWk/A==",847
"928ojbEOW7ispx2z6zC33w==","3ZjoxOm+X8KGpWJD66yXWg==",1
"928ojbEOW7ispx2z6zC33w==","ApdGNqjsUoOOHTlBACj2/g==",27
"97W2V6DrXkKrPXwXfqqmVQ==","3ZjoxOm+X8KGpWJD66yXWg==",59
"9B1iWNbwW5isxjC5hQn1Gw==","0yd99stpXMW98ycgIDk9Mg==",2
"9B1iWNbwW5isxjC5hQn1Gw==","Vtjf1GuoWfq0F5w6zyHDAw==",6
"9B1iWNbwW5isxjC5hQn1Gw==","X2e494wFUMWWQhWEkW7/FQ==",2
"9B1iWNbwW5isxjC5hQn1Gw==","hkZaPC6aUbGxaBZwnRZykg==",2
"9Cpol8q/XS+xo+cribx2PQ==","3ZjoxOm+X8KGpWJD66yXWg==",145
"9Cpol8q/XS+xo+cribx2PQ==","GCtef0QTUiy12ZM6oNEfWw==",7
"9Cpol8q/XS+xo+cribx2PQ==","JO/kkJ3iXwOFIMQblVJ23g==",2
"9Cpol8q/XS+xo+cribx2PQ==","JmtU67g5W1+VJEPLS+PdfQ==",4753
"9Cpol8q/XS+xo+cribx2PQ==","ShDgQwRtWr+8El6s055l6w==",16
"9Cpol8q/XS+xo+cribx2PQ==","T9k1Z5DLX7+iLCHSMpp9Jw==",2
"9Cpol8q/XS+xo+cribx2PQ==","ksoEcK/7VXK6fj3wzNenuQ==",345
"9JUSUMsSXyaB4u3sXFcV0A==","+CY58D3RXbaPGtbNczkwkA==",37
"9JUSUMsSXyaB4u3sXFcV0A==","/+mP4VQOUY2BDV/p/n9QbQ==",5
"9JUSUMsSXyaB4u3sXFcV0A==","1SPLf5bUUHGLwuTcWsh00Q==",5
"9JUSUMsSXyaB4u3sXFcV0A==","B+X64qIDUTKD1yBXNj6Mfw==",10
"9JUSUMsSXyaB4u3sXFcV0A==","apRmw0t/W46dIkrWHylbnw==",10
"9JUSUMsSXyaB4u3sXFcV0A==","n00G6ay+UTGZ902wmUwrsw==",10
"9MwjnQwMWVilablHkoG+yw==","3ZjoxOm+X8KGpWJD66yXWg==",1
"9bZXURNhVoSZq18FHuCGbA==","0yd99stpXMW98ycgIDk9Mg==",1
"9ctTYRJsU+6a4pUMw+6e4w==","3ZjoxOm+X8KGpWJD66yXWg==",3
"9fuDwcD2U+ag+26b5NRfxA==","3ZjoxOm+X8KGpWJD66yXWg==",1085
"9i9KTy4fVMy33LGtzPJSbg==","3ZjoxOm+X8KGpWJD66yXWg==",127
"9mXctgbPVFeD2+gn++x3WQ==","BxlB6zCnVA6XXHcDqSfkJg==",9
"9x6IAJESU9OdVahijKiedA==","uVTEFln4X5aY+D9sANkfUQ==",7
"A/Cpldo1VH2hC6OPKLCNBg==","+CY58D3RXbaPGtbNczkwkA==",1
"A/Cpldo1VH2hC6OPKLCNBg==","/t/Orqw3XWm0ZCcR/wTqTg==",2
"A/Cpldo1VH2hC6OPKLCNBg==","Y+BkY4Y7U+GUOgIpPDr3CQ==",2
"A/Cpldo1VH2hC6OPKLCNBg==","anI6yeNQW6iy8uStyK30Jg==",1
"A/Cpldo1VH2hC6OPKLCNBg==","c6RzgNZsUo+3xGAxUvDjRA==",1
"A/Cpldo1VH2hC6OPKLCNBg==","ggEiTFbXUQqBDHQoPSxigg==",1
"A/Cpldo1VH2hC6OPKLCNBg==","hxywHKyiWkWOar8wSag3Rg==",1
"A/Cpldo1VH2hC6OPKLCNBg==","ipJQqveCWK6Mhe6YyPg54A==",3
"A/Cpldo1VH2hC6OPKLCNBg==","kR/AlQyEUci0RIqaAzKSbQ==",2
"A/Cpldo1VH2hC6OPKLCNBg==","lzUjcS/QWBWPPWloJ6tkcg==",3
"A/Cpldo1VH2hC6OPKLCNBg==","nU2iCpGuUNSeh+7LTYfq+A==",3
"A/Cpldo1VH2hC6OPKLCNBg==","rgBpEQPoV6ujDT191qgvRQ==",2
"A/Cpldo1VH2hC6OPKLCNBg==","siR+E3QOUi+0DPb+nN1saA==",3
"A/Cpldo1VH2hC6OPKLCNBg==","vYFCvmq2VM+aY0Bk8NE9dQ==",3
"A/Cpldo1VH2hC6OPKLCNBg==","ygaVCQdjUAObirq+U/aaDQ==",2
"A2/D08VXWYucdlZBbIJu+g==","09gSzRdCU+i+6DWFlRBOfA==",21
"A6y0z4diVqSB8g7tril96A==","3ZjoxOm+X8KGpWJD66yXWg==",1
"A6yN6J1PXwupyBFbQL/D+w==","3ZjoxOm+X8KGpWJD66yXWg==",51
"ABPz8HdIU1Wd3G7nw4uZ7w==","3ZjoxOm+X8KGpWJD66yXWg==",43
"AD7GIss/Ul+C0QhRLOAujg==","3ZjoxOm+X8KGpWJD66yXWg==",19
"AIakNidjUcOx3WlADSt5Bw==","3ZjoxOm+X8KGpWJD66yXWg==",10
"AIakNidjUcOx3WlADSt5Bw==","hg4LDrnJWbGRooHfpGVA9g==",3
"AMio3f2vV+aLjuPC6S5hYg==","3ZjoxOm+X8KGpWJD66yXWg==",3
"AWPx4aOVW4+KEACkzrpVlQ==","xajSsCvKWwizCaFhQexTjA==",3
"AayZSCyBVRu05g+7Kuq2TA==","3ZjoxOm+X8KGpWJD66yXWg==",1
"AchM1fBXWrSZYQP0ZQwiDA==","cnoKxVLfXtm3+oOevV1J4A==",8
"AchM1fBXWrSZYQP0ZQwiDA==","dHi+LiLpWPiwQZue0E8zZw==",205
"Acm6nZFVVxS+IutmvHboAg==","8/onIJz0VGSOnlTBcomH/A==",2
"Agzi4/b6Ufu0ISQkesuiag==","3ZjoxOm+X8KGpWJD66yXWg==",108
"Aop0lwhiWP2hLCPyZoSO9w==","3ZjoxOm+X8KGpWJD66yXWg==",39
"Ayz2O43kWnGTR/qsxBeq8g==","DccIetUEXc6Z8QV7/AvZyw==",2
"Ayz2O43kWnGTR/qsxBeq8g==","XobtgKR8X5+qaRNEkGzXvQ==",4
"B0lyL76wWMeMifz4YXXkFg==","Srdkce9RXdWwCAWrKNDb7g==",1
"BKOpkwcQXw2WIZOu3LVXvQ==","3ZjoxOm+X8KGpWJD66yXWg==",2
"BNPdf+JxVlOzWQauKMPrcA==","3ZjoxOm+X8KGpWJD66yXWg==",6
"BQr3L9yYVpSFS6MxbQPAEw==","3ZjoxOm+X8KGpWJD66yXWg==",2
"BamXMR70UCuEyVvaC8RGGg==","WFXxE/n+XGC7nW6PlKjH7w==",4
"BfivGV/JWOigwy25aFEwqA==","3ZjoxOm+X8KGpWJD66yXWg==",1
"Bndys2MyUbaSuYWs3sBLAA==","6tcYm0Y0U+SqZDgb3DSn0A==",30
"ByvU1QgFVZKZSancT9WzNw==","3ZjoxOm+X8KGpWJD66yXWg==",2
"CIgXMjeTWnudfCE7lbFscQ==","3ZjoxOm+X8KGpWJD66yXWg==",22
"CIpcrj8MVoqxjS7K2INQxg==","3ZjoxOm+X8KGpWJD66yXWg==",7924
"CIpcrj8MVoqxjS7K2INQxg==","6tcYm0Y0U+SqZDgb3DSn0A==",43
"CIpcrj8MVoqxjS7K2INQxg==","Vtjf1GuoWfq0F5w6zyHDAw==",22
"CZqEKjdwXe+WG7rTgg2zlw==","0yd99stpXMW98ycgIDk9Mg==",116
"CZqEKjdwXe+WG7rTgg2zlw==","GCtef0QTUiy12ZM6oNEfWw==",10
"CZqEKjdwXe+WG7rTgg2zlw==","HU07gYV0ULCbEr6YjJWk/A==",3
"CZqEKjdwXe+WG7rTgg2zlw==","Vtjf1GuoWfq0F5w6zyHDAw==",18
"CZqEKjdwXe+WG7rTgg2zlw==","cnoKxVLfXtm3+oOevV1J4A==",12
"CyvN3TaeV+C/f2hvlzyqxA==","3ZjoxOm+X8KGpWJD66yXWg==",118
"CzoSuCBVVOeRe8Yi9p7NcQ==","3ZjoxOm+X8KGpWJD66yXWg==",6
"D/n4n+GcUe2Tgugn7SRLnw==","j1DMPODHVIGQu2VFIFefLQ==",1
"DF/7hhoVXsSDZfS9wp5TLg==","mRwuDRp2UHW5Lm9VBYKKgQ==",8
"DSyscKV3W7WweVzt+pQgmw==","fjkxtDS8V2C/0aGTnD+i1Q==",1
"DT/mCEA/V1WbsNBt1SCNMw==","3ZjoxOm+X8KGpWJD66yXWg==",156
"Db0qJZP8VmCYCNFzP7tjdA==","52p8C8+LXbK+ebH4Lx49lA==",51
"DcvxzYzEWyKIT6MRNd8EGA==","3ZjoxOm+X8KGpWJD66yXWg==",8
"DiaPDObPVxyENzavK7udOg==","3ZjoxOm+X8KGpWJD66yXWg==",65
"Dj6V+1H3WIqfD5OQm5aGiA==","1SPLf5bUUHGLwuTcWsh00Q==",6
"F3yKKnnUUs2nFcwQsxJq+Q==","LIga/FadULy6VYAnhD1EVg==",2
"F3yKKnnUUs2nFcwQsxJq+Q==","WTkYWQgIUpy8zdKqhgYJtg==",1
"FJGgEl87UE6SCt7LpM1rJw==","3ZjoxOm+X8KGpWJD66yXWg==",6
"FNz+mT9iVoaewmjh94W2Rw==","3ZjoxOm+X8KGpWJD66yXWg==",3
"FToK3xb3XuGIV8UurIOS4Q==","3ZjoxOm+X8KGpWJD66yXWg==",20
"FToK3xb3XuGIV8UurIOS4Q==","Ca327zEAUoOUppepXoK5Ww==",7
"FcBcS5mOUpmCFaTRRAKZrg==","3ZjoxOm+X8KGpWJD66yXWg==",2
"FcXj+4CsXICmIhzC+2lMeg==","3ZjoxOm+X8KGpWJD66yXWg==",1
"FdstSqqeWPeyvLcvGUlbtA==","3ZjoxOm+X8KGpWJD66yXWg==",1
"FmpMDLnVVG+0K41Nqi7RrQ==","3ZjoxOm+X8KGpWJD66yXWg==",10
"Fu5RM16tUYmRL4sCifW+Aw==","3ZjoxOm+X8KGpWJD66yXWg==",8
"FvTXqDngWlyEsAFSp1Lyiw==","3ZjoxOm+X8KGpWJD66yXWg==",340
"FwaML602Xz6Ad9mWVorUbg==","85dHRP+SUmqyGRysl5Jbvg==",2
"G+1AsH73WeyID9RAc9URVw==","Z98tvJywV4Syj3XFzxN7sA==",1
"G+1AsH73WeyID9RAc9URVw==","fB1ZSz4RVMm1nhkkbQdO6A==",1
"G+1AsH73WeyID9RAc9URVw==","i82y9rIEXX+wQn3baPJThg==",1
"G3E1ABcmUW6ek7aJg3I/XA==","3ZjoxOm+X8KGpWJD66yXWg==",11
"GCtef0QTUiy12ZM6oNEfWw==","+HQj1uJoXJWw37uphP9TWA==",2
"GCtef0QTUiy12ZM6oNEfWw==","/t/Orqw3XWm0ZCcR/wTqTg==",14
"GCtef0QTUiy12ZM6oNEfWw==","0nBNEZJVXHeGfsQn5m1O7Q==",72
"GCtef0QTUiy12ZM6oNEfWw==","9B1iWNbwW5isxjC5hQn1Gw==",29
"GCtef0QTUiy12ZM6oNEfWw==","atrlSOX/UquCVOuYzsNBQA==",5
"GCtef0QTUiy12ZM6oNEfWw==","cg6aXEoZXr2UOHBr16zEmw==",12
"GCtef0QTUiy12ZM6oNEfWw==","hBY1d+a0Vc2xJ1nY7H4tZw==",2
"GCtef0QTUiy12ZM6oNEfWw==","ijGIoXCqUnGCzdLuLx/5Ww==",2
"GCtef0QTUiy12ZM6oNEfWw==","jFeJ8H65VviMiIikyLHE+g==",2
"GCtef0QTUiy12ZM6oNEfWw==","kR/AlQyEUci0RIqaAzKSbQ==",3
"GCtef0QTUiy12ZM6oNEfWw==","kqrr1loKV42bDIZBlAP7lw==",1
"GCtef0QTUiy12ZM6oNEfWw==","ksoEcK/7VXK6fj3wzNenuQ==",24
"GCtef0QTUiy12ZM6oNEfWw==","luSOAZdVUqqxPyX0uwStDg==",2
"GCtef0QTUiy12ZM6oNEfWw==","pA1sZjvYW8Svhc22+PHOLg==",1
"GCtef0QTUiy12ZM6oNEfWw==","pTuPVmr2UuSTbeCLBjIeZg==",2
"GCtef0QTUiy12ZM6oNEfWw==","tCgVQdMrXEKvgtYNrd00eA==",90
"GCtef0QTUiy12ZM6oNEfWw==","x76WheJNUTiQHuzlNaMhFw==",52
"GD3pPtbYWJS5t0Y3FZfTBQ==","3ZjoxOm+X8KGpWJD66yXWg==",3
"GD3pPtbYWJS5t0Y3FZfTBQ==","VW4EMthVVxKsumEddUdgYQ==",5
"GD3pPtbYWJS5t0Y3FZfTBQ==","gyJiKh9NWReKzdtv84+4Dw==",8
"GD6rVLMuWg6Atbw2fJbmiQ==","HmJGVRBwX4ufN0Xk+UWWLA==",2
"GD6rVLMuWg6Atbw2fJbmiQ==","OOb+GcoCXMejYllzbYQTVA==",10
"GDAiJnsLU+eLYB1GdOY8Bg==","3u4xeGuIV4KDBNckEIYXjA==",4
"GEfM1TJPWcuqjMSHY6vM+A==","3ZjoxOm+X8KGpWJD66yXWg==",11
"GIPPJVW0UQuXRbkAqMs19Q==","3ZjoxOm+X8KGpWJD66yXWg==",2
"GTq6rX+PX9iP7g35iZ+5+Q==","3ZjoxOm+X8KGpWJD66yXWg==",14
"Gek/lLYwUQucdSu99r8QvA==","5+yFoF1YUC6YtN0PB3MvDA==",8
"Gek/lLYwUQucdSu99r8QvA==","pOuScQzsUYeOzq9cpRLJZw==",100
"TWUaHzKLV4eETuHzwoxwcw==","L2AgPGqdX42OPHsCEr9REQ==",6
"TWUaHzKLV4eETuHzwoxwcw==","PbFWAbjUXuCuAQAlut9zkA==",3
"TWUaHzKLV4eETuHzwoxwcw==","PoSqYz3aWaO7qtwXpqVtVg==",8
"TWUaHzKLV4eETuHzwoxwcw==","Srdkce9RXdWwCAWrKNDb7g==",3
"TWUaHzKLV4eETuHzwoxwcw==","UsduglmKXmyFRAc0W1RYfQ==",2
"TWUaHzKLV4eETuHzwoxwcw==","Vtjf1GuoWfq0F5w6zyHDAw==",8
"TWUaHzKLV4eETuHzwoxwcw==","nZQx2UpsXg+9clU+PY+BDQ==",1
"TWUaHzKLV4eETuHzwoxwcw==","tCgVQdMrXEKvgtYNrd00eA==",26
"TWUaHzKLV4eETuHzwoxwcw==","x76WheJNUTiQHuzlNaMhFw==",14
"TWgpHzosWdGE04gUd3OWdw==","3ZjoxOm+X8KGpWJD66yXWg==",473
"TaLaf1gwXlaWLNlfZj9NQg==","1fqkJPEgWNSBSjshlZZ4Wg==",1
"TaLaf1gwXlaWLNlfZj9NQg==","3ZjoxOm+X8KGpWJD66yXWg==",24
"TaaaZujuUbytDCmltNQvDg==","3ZjoxOm+X8KGpWJD66yXWg==",7
"TpYUPGZ4VE2tHRBC34/NIA==","3ZjoxOm+X8KGpWJD66yXWg==",21
"TsxQmQksV4q1ZrqLCtt/cA==","3ZjoxOm+X8KGpWJD66yXWg==",71
"TxRvam/uVQ2evTcA7HWwlQ==","3ZjoxOm+X8KGpWJD66yXWg==",245
"TxRvam/uVQ2evTcA7HWwlQ==","eUnFpGNZVhi81wnuLh0RYQ==",316
"TxRvam/uVQ2evTcA7HWwlQ==","pPpfWSkMXgizilg/N0hwJw==",316
"URqgqdbEXtqWjajpI2j7gQ==","+CY58D3RXbaPGtbNczkwkA==",8
"URqgqdbEXtqWjajpI2j7gQ==","/+mP4VQOUY2BDV/p/n9QbQ==",1
"URqgqdbEXtqWjajpI2j7gQ==","/MTHCWePVLygx4+Ejf6fqA==",2
"URqgqdbEXtqWjajpI2j7gQ==","0nBNEZJVXHeGfsQn5m1O7Q==",1
"URqgqdbEXtqWjajpI2j7gQ==","0yd99stpXMW98ycgIDk9Mg==",52
"URqgqdbEXtqWjajpI2j7gQ==","52p8C8+LXbK+ebH4Lx49lA==",1093
"URqgqdbEXtqWjajpI2j7gQ==","5bZyS4wiVXykmkY07Zi2XA==",1
"URqgqdbEXtqWjajpI2j7gQ==","6tcYm0Y0U+SqZDgb3DSn0A==",3
"URqgqdbEXtqWjajpI2j7gQ==","73/qbG0QXx2kFQeCVKnW2w==",2
"URqgqdbEXtqWjajpI2j7gQ==","7gyfpwYWV+eH7BC+YvaULg==",5
"URqgqdbEXtqWjajpI2j7gQ==","9Cpol8q/XS+xo+cribx2PQ==",7
"URqgqdbEXtqWjajpI2j7gQ==","AMeF4iPtW9eK0uUlyqcF0Q==",2
"URqgqdbEXtqWjajpI2j7gQ==","F1B2cTf9X1GEuNtZ6BoyIg==",2
"URqgqdbEXtqWjajpI2j7gQ==","G7jzoVLZW7qitlKEVLxFbQ==",1
"URqgqdbEXtqWjajpI2j7gQ==","PrR+s+uSW8iPdM80d/2oKw==",4
"URqgqdbEXtqWjajpI2j7gQ==","S7SH6SKpXvWC+ddXcxR86Q==",1
"URqgqdbEXtqWjajpI2j7gQ==","SB4t8B47WXmNiKkyuXw2Xg==",17
"URqgqdbEXtqWjajpI2j7gQ==","T9k1Z5DLX7+iLCHSMpp9Jw==",23
"URqgqdbEXtqWjajpI2j7gQ==","UTi0uimXVpKNplE9Jc+Hxw==",3
"URqgqdbEXtqWjajpI2j7gQ==","fcG3g6oQXAGtb530cno15g==",2
"URqgqdbEXtqWjajpI2j7gQ==","jFeJ8H65VviMiIikyLHE+g==",4
"URqgqdbEXtqWjajpI2j7gQ==","jMN2HWS5UJ2hJ1SpcOWfaQ==",1
"URqgqdbEXtqWjajpI2j7gQ==","k2c16Ny/U2Wx0n8HUOXbUg==",2
"URqgqdbEXtqWjajpI2j7gQ==","lDmnuSg+Wc6xQpkrzVoZcQ==",1
"URqgqdbEXtqWjajpI2j7gQ==","o7tfezj6WcKOrZGVIQIIvQ==",2
"URqgqdbEXtqWjajpI2j7gQ==","o9R6WnpQWXCp0Oj21sELmg==",2
"URqgqdbEXtqWjajpI2j7gQ==","oEa5WlGMWD6S28T5qWtcGg==",1
"URqgqdbEXtqWjajpI2j7gQ==","pA1sZjvYW8Svhc22+PHOLg==",1
"URqgqdbEXtqWjajpI2j7gQ==","pLupJDDaWeqWYhyPPbP9GQ==",2
"URqgqdbEXtqWjajpI2j7gQ==","pOuScQzsUYeOzq9cpRLJZw==",1
"URqgqdbEXtqWjajpI2j7gQ==","ppgYcr/hW9CZzF9XhMNclw==",11
"URqgqdbEXtqWjajpI2j7gQ==","pqWY2b4EVXOoVNnGXKoczw==",182
"URqgqdbEXtqWjajpI2j7gQ==","qPrroFcSXeS33msOIgx1xA==",3
"URqgqdbEXtqWjajpI2j7gQ==","qgjzjREjXt2wWolej06d8Q==",1
"URqgqdbEXtqWjajpI2j7gQ==","siR+E3QOUi+0DPb+nN1saA==",2
"URqgqdbEXtqWjajpI2j7gQ==","vxpmeNmsVly8BAUu2ZERxQ==",6
"bIxOnHq5VL2IAGvo+a5D4w==","TWUaHzKLV4eETuHzwoxwcw==",6
"bIxOnHq5VL2IAGvo+a5D4w==","nZQx2UpsXg+9clU+PY+BDQ==",2
"bIxOnHq5VL2IAGvo+a5D4w==","ppgYcr/hW9CZzF9XhMNclw==",4
"bIxOnHq5VL2IAGvo+a5D4w==","y5HnN5F2X6WKODFxGkUg/Q==",3
"bLozejPSXm2UFjGXb9JeTQ==","3ZjoxOm+X8KGpWJD66yXWg==",88
"bOqhjgoqXoy7wSqhtAiRKA==","Db0qJZP8VmCYCNFzP7tjdA==",8
"bUWkvTkPXWqPkA/h/Q7UOQ==","Vtjf1GuoWfq0F5w6zyHDAw==",5
"bYANe/qVUfqZrDGUg3k4ww==","3ZjoxOm+X8KGpWJD66yXWg==",2
"bZJvIDZYX5Cy6HpCFneQHw==","3ZjoxOm+X8KGpWJD66yXWg==",189
"bdfVXA9IXwmQvUu5U+aQfA==","3ZjoxOm+X8KGpWJD66yXWg==",2
"bgqyzYSgU3Sk6/bqmlDxHA==","2Mi2ahYTV4+CZ6u2ncpeWQ==",4
"bgqyzYSgU3Sk6/bqmlDxHA==","3ZjoxOm+X8KGpWJD66yXWg==",21
"bn5+1KplWl+pu1ekFxRUwQ==","3ZjoxOm+X8KGpWJD66yXWg==",4
"bn5+1KplWl+pu1ekFxRUwQ==","hxywHKyiWkWOar8wSag3Rg==",2
"c8C5owy+VkitH2ga3fJYZQ==","VmB+AA/kVPGywQ3XDXp9fw==",2
"cFCTEQwAW0+hT24XqLpPqA==","xJw7sWWyUhyex8y+rOLLQA==",3
"cFxfgzsVUpq/PbrNUNqPrg==","3ZjoxOm+X8KGpWJD66yXWg==",1
"cQ6h0qATWnm63iD/FQxCug==","i82y9rIEXX+wQn3baPJThg==",6
"cZ1IDjXnWh6NBEo+kC7lhA==","3ZjoxOm+X8KGpWJD66yXWg==",6
"cdgdGrOQVKyJ6NfBAA4YHQ==","GCtef0QTUiy12ZM6oNEfWw==",2
"cdgdGrOQVKyJ6NfBAA4YHQ==","HL6mOmwyXrq4T9XmF2Ufjg==",4
"cg6aXEoZXr2UOHBr16zEmw==","0yd99stpXMW98ycgIDk9Mg==",26
"cg6aXEoZXr2UOHBr16zEmw==","1hOZh3vsWAOpccd9nsKkNQ==",2
"cg6aXEoZXr2UOHBr16zEmw==","3ZjoxOm+X8KGpWJD66yXWg==",224
"cg6aXEoZXr2UOHBr16zEmw==","EU0ESwjRVQy83CkIjLbgwg==",28
"cg6aXEoZXr2UOHBr16zEmw==","HU07gYV0ULCbEr6YjJWk/A==",2
"cg6aXEoZXr2UOHBr16zEmw==","juumFGTcV5yp5+1Ethu1ig==",4
"cg6aXEoZXr2UOHBr16zEmw==","rcANXnlIUOe4ve/TiUovcw==",7
"cnoKxVLfXtm3+oOevV1J4A==","HL6mOmwyXrq4T9XmF2Ufjg==",2
"cnoKxVLfXtm3+oOevV1J4A==","ppgYcr/hW9CZzF9XhMNclw==",2
"cqH6ph1JWn6A/KZuVwB5EA==","3ZjoxOm+X8KGpWJD66yXWg==",8
"ctr5Lx+8VTqpK/m1MMXD2A==","3ZjoxOm+X8KGpWJD66yXWg==",2
"d3LHzREfUF2NjYd7Oa/OlQ==","Vtjf1GuoWfq0F5w6zyHDAw==",3
"dHD2GHXNWju5qE6geTTnpQ==","3ZjoxOm+X8KGpWJD66yXWg==",1
"dLLA3w9mUPCU0QRz5/KYQQ==","3ZjoxOm+X8KGpWJD66yXWg==",2
"dMFCtPlAWbWkspn9SKJuUw==","3ZjoxOm+X8KGpWJD66yXWg==",27
"dOHFDXBPWUq3GFd5B6zj3g==","Db0qJZP8VmCYCNFzP7tjdA==",2
"dOHFDXBPWUq3GFd5B6zj3g==","KendImIOX46UlfT3ZSisbA==",2
"dQznS6Q7U/yf+YkZn8yk0A==","3ZjoxOm+X8KGpWJD66yXWg==",3
"e7g8K6XzUlWRMbqOU6khgg==","3ZjoxOm+X8KGpWJD66yXWg==",1
"el5c+KPSVHCM1QAOOFnIbg==","6tcYm0Y0U+SqZDgb3DSn0A==",668
"fKvj2C7kUb+BHsikx44W3w==","3ZjoxOm+X8KGpWJD66yXWg==",3
"fMVoomnYXS+bJ94GlrG1Iw==","3ZjoxOm+X8KGpWJD66yXWg==",59
"fQnzAk2pW9Wrip3+8M+OUw==","qgjzjREjXt2wWolej06d8Q==",1
"fXndXPDwUzK8IYdudecGxg==","3ZjoxOm+X8KGpWJD66yXWg==",102
"ffIdEaqSXM+QFUhE/Rhu7Q==","3ZjoxOm+X8KGpWJD66yXWg==",1
"fj07HKmxXFSDgqowW93sfQ==","3ZjoxOm+X8KGpWJD66yXWg==",8
"fj07HKmxXFSDgqowW93sfQ==","9Q89GXFUX+CxlrUEPJd3sA==",3
"fj07HKmxXFSDgqowW93sfQ==","X2e494wFUMWWQhWEkW7/FQ==",7
"frd1pnF8XZOMuU8UUsjs3w==","3ZjoxOm+X8KGpWJD66yXWg==",10
"g08VOQXoUz6BiLiwYWVAKQ==","3ZjoxOm+X8KGpWJD66yXWg==",372
"g08VOQXoUz6BiLiwYWVAKQ==","9Q89GXFUX+CxlrUEPJd3sA==",1
"g57WJFfuX6KVuVWB0lD5kQ==","3ZjoxOm+X8KGpWJD66yXWg==",5
"g9ZIRkLVVG+sPg+bUypPVA==","3ZjoxOm+X8KGpWJD66yXWg==",2382
"gIcFbg+sW9a7c8pnHPZxqw==","3ZjoxOm+X8KGpWJD66yXWg==",2
"gIcFbg+sW9a7c8pnHPZxqw==","UsduglmKXmyFRAc0W1RYfQ==",1
"gXswx6BAW7a+IBI12/X+Jg==","6tcYm0Y0U+SqZDgb3DSn0A==",8
"gc0okNCYXtK2n8k9A31qtw==","0OQqAkmIVqaiklkOJOL03w==",1
"gc0okNCYXtK2n8k9A31qtw==","HQS66hBfWauwOC2B4emKgA==",2
"ggEiTFbXUQqBDHQoPSxigg==","vYFCvmq2VM+aY0Bk8NE9dQ==",321
"ggEiTFbXUQqBDHQoPSxigg==","ygaVCQdjUAObirq+U/aaDQ==",1
"gkK0oSBIWYmo6GpPHQuCbQ==","/91sTz4VXimwbbg+4K0HLA==",2
"gkK0oSBIWYmo6GpPHQuCbQ==","78eoFSE6Vx2B09/O8Saz+w==",2
"gqOJoXsZVdS6a6xm8HW84Q==","3ZjoxOm+X8KGpWJD66yXWg==",1
"grzCULi0UXSGWuILUbGOeQ==","3ZjoxOm+X8KGpWJD66yXWg==",80
"gw18d4CRXiqjwdTpLTRPNw==","3ZjoxOm+X8KGpWJD66yXWg==",2
"h2dEJHJwWJSJoa/OVBx/YQ==","+CY58D3RXbaPGtbNczkwkA==",1
"h2dEJHJwWJSJoa/OVBx/YQ==","HL6mOmwyXrq4T9XmF2Ufjg==",2
"hBFBYpQDUm+wh3AE3xqDsg==","/t/Orqw3XWm0ZCcR/wTqTg==",1
"hBFBYpQDUm+wh3AE3xqDsg==","QwMw1h/TUfOUYnky2xoM9A==",2
"hBFBYpQDUm+wh3AE3xqDsg==","WDW2wYa7Wna9umQKWYE4Rw==",135
"hBFBYpQDUm+wh3AE3xqDsg==","YjDjrz4lU3y63hvJ5k6VyA==",2
"hBFBYpQDUm+wh3AE3xqDsg==","ksoEcK/7VXK6fj3wzNenuQ==",4
"hBFBYpQDUm+wh3AE3xqDsg==","x76WheJNUTiQHuzlNaMhFw==",5
"hBY1d+a0Vc2xJ1nY7H4tZw==","3ZjoxOm+X8KGpWJD66yXWg==",27
"hL1Pd5XsWdqVutKemvREOw==","Vtjf1GuoWfq0F5w6zyHDAw==",6
"hXwL7+l1WPilaw0xViU4Lg==","+CY58D3RXbaPGtbNczkwkA==",71
"hdcUAO+3UF6q37rpnDPcVg==","3ZjoxOm+X8KGpWJD66yXWg==",2
"hg4LDrnJWbGRooHfpGVA9g==","AIakNidjUcOx3WlADSt5Bw==",132
"hg4LDrnJWbGRooHfpGVA9g==","x+VPvfMbWRq8FPfgyyAUDA==",1
"hkZaPC6aUbGxaBZwnRZykg==","3ZjoxOm+X8KGpWJD66yXWg==",1
"hmReCudqWr+JJGHc41u+mA==","3ZjoxOm+X8KGpWJD66yXWg==",53
"hmpzs4LrX86LNGtSVGKapg==","3ZjoxOm+X8KGpWJD66yXWg==",1
"hnfcnLP4Xg2nJtIxJuoj9Q==","3ZjoxOm+X8KGpWJD66yXWg==",240
"hnfcnLP4Xg2nJtIxJuoj9Q==","pniPoPP7WjqC2kbgN89WdA==",13
"hpfwKcUHX3G1bQeB5VHBdg==","3ZjoxOm+X8KGpWJD66yXWg==",129
"hpkEp0jqXbWARSMZUf+b8g==","3ZjoxOm+X8KGpWJD66yXWg==",376
"hpkEp0jqXbWARSMZUf+b8g==","6ZbUa4oCV12RGEVmQDWLAw==",3
"hpkEp0jqXbWARSMZUf+b8g==","OOb+GcoCXMejYllzbYQTVA==",3
"hpkEp0jqXbWARSMZUf+b8g==","UsduglmKXmyFRAc0W1RYfQ==",3
"hpkEp0jqXbWARSMZUf+b8g==","alc0da3oW4u0uwavbXICjQ==",3
"hpkEp0jqXbWARSMZUf+b8g==","bIxOnHq5VL2IAGvo+a5D4w==",5
"hpkEp0jqXbWARSMZUf+b8g==","cnoKxVLfXtm3+oOevV1J4A==",1
"hpkEp0jqXbWARSMZUf+b8g==","eYUffY1nXFS4CP5kxR49WA==",1
"hpkEp0jqXbWARSMZUf+b8g==","jFeJ8H65VviMiIikyLHE+g==",5
"hujfCJLQXgevY4pBQxkMgw==","3ZjoxOm+X8KGpWJD66yXWg==",2
"hv80l+eeVC2kYrmZ/EJhIg==","3ZjoxOm+X8KGpWJD66yXWg==",298
"hv80l+eeVC2kYrmZ/EJhIg==","ppgYcr/hW9CZzF9XhMNclw==",4
"hxywHKyiWkWOar8wSag3Rg==","3ZjoxOm+X8KGpWJD66yXWg==",8
"i/M/iYeuXkqUoLAnXLbkfw==","0yd99stpXMW98ycgIDk9Mg==",5
"i/M/iYeuXkqUoLAnXLbkfw==","3ZjoxOm+X8KGpWJD66yXWg==",26
"i/M/iYeuXkqUoLAnXLbkfw==","Vtjf1GuoWfq0F5w6zyHDAw==",2
"i/M/iYeuXkqUoLAnXLbkfw==","n8fDHDG0X9aPdxT7h+0fGQ==",4
"i5tZeEiAWwi2FXokcIMYgw==","8/onIJz0VGSOnlTBcomH/A==",3
"i5tZeEiAWwi2FXokcIMYgw==","Gek/lLYwUQucdSu99r8QvA==",11
"i5tZeEiAWwi2FXokcIMYgw==","gXswx6BAW7a+IBI12/X+Jg==",4
"i82y9rIEXX+wQn3baPJThg==","3ZjoxOm+X8KGpWJD66yXWg==",768
"iAK0U1m9UJKPOLbCgBjgrQ==","3ZjoxOm+X8KGpWJD66yXWg==",2
"ig8V2LYpXgWk6bdCfvwYpg==","3ZjoxOm+X8KGpWJD66yXWg==",13
"ivcWvE/xWSytCtBpogy5xA==","3ZjoxOm+X8KGpWJD66yXWg==",2
"ixZM/snnV7CAPAYbK+Jg0Q==","f+TrkvKNVoe4QdeaCUhHXQ==",12
"j0tUEXoJUHagvoc00atuVw==","3ZjoxOm+X8KGpWJD66yXWg==",2
"j1DMPODHVIGQu2VFIFefLQ==","3ZjoxOm+X8KGpWJD66yXWg==",3
"j4oL+1+yVVqfY4iDi/OQ4Q==","3ZjoxOm+X8KGpWJD66yXWg==",30
"j4oL+1+yVVqfY4iDi/OQ4Q==","Vtjf1GuoWfq0F5w6zyHDAw==",2
"j4oL+1+yVVqfY4iDi/OQ4Q==","vxpmeNmsVly8BAUu2ZERxQ==",1
"j6n2bGr8WFaYEVLphY50Dg==","2hDSQ+WEXIivelf7ergY8g==",32
"j6n2bGr8WFaYEVLphY50Dg==","9B1iWNbwW5isxjC5hQn1Gw==",11
"j6n2bGr8WFaYEVLphY50Dg==","Ca327zEAUoOUppepXoK5Ww==",1
"j6n2bGr8WFaYEVLphY50Dg==","GCtef0QTUiy12ZM6oNEfWw==",5
"jgejA8O+WaGDNDM7gmXjhQ==","3ZjoxOm+X8KGpWJD66yXWg==",102
"jrhbUmFtWwmmTy6lmVCeDQ==","3ZjoxOm+X8KGpWJD66yXWg==",5
"jrhbUmFtWwmmTy6lmVCeDQ==","Fu5RM16tUYmRL4sCifW+Aw==",7
"kJTa2hyoUmOCTc/UmjogMg==","FcPcQgNJVJ2Vox7A0eLgSQ==",21
"kJTa2hyoUmOCTc/UmjogMg==","GCtef0QTUiy12ZM6oNEfWw==",10
"kR/AlQyEUci0RIqaAzKSbQ==","33tv/xgvXOOkL23PcO9/3w==",6
"kR/AlQyEUci0RIqaAzKSbQ==","JARsKB/KVqiVlCEIh5Y7MQ==",3
"kR/AlQyEUci0RIqaAzKSbQ==","OOb+GcoCXMejYllzbYQTVA==",6
"kR/AlQyEUci0RIqaAzKSbQ==","Vtjf1GuoWfq0F5w6zyHDAw==",1
"kZBq5yhcWqubNkJQdnJXVg==","3ZjoxOm+X8KGpWJD66yXWg==",3
"kgzbctwLWmWLjAjsYm3wCA==","CVx+Y7FYXX+oepsrtwpCyA==",2
"kjgrzCJOWAiwl7tt1gulIg==","3ZjoxOm+X8KGpWJD66yXWg==",3
"ksoEcK/7VXK6fj3wzNenuQ==","3ZjoxOm+X8KGpWJD66yXWg==",112
"ksoEcK/7VXK6fj3wzNenuQ==","9Cpol8q/XS+xo+cribx2PQ==",1780
"ksoEcK/7VXK6fj3wzNenuQ==","Db0qJZP8VmCYCNFzP7tjdA==",1
"ksoEcK/7VXK6fj3wzNenuQ==","ShDgQwRtWr+8El6s055l6w==",21
"l/n4tJSbWt6QdfIRFMC2xw==","X2e494wFUMWWQhWEkW7/FQ==",35
"l/n4tJSbWt6QdfIRFMC2xw==","cnoKxVLfXtm3+oOevV1J4A==",11
"l12sra4qWheqaSEBtbdoew==","3ZjoxOm+X8KGpWJD66yXWg==",280
"l2vn/VjzUu+iTRu1cG94/w==","3ZjoxOm+X8KGpWJD66yXWg==",5560
"l2vn/VjzUu+iTRu1cG94/w==","RbxtSgpOW5iqYgafVz558g==",1295
"l2vn/VjzUu+iTRu1cG94/w==","WTJNhexZWXiELMyJRdnS3A==",1
"l2vn/VjzUu+iTRu1cG94/w==","nZQx2UpsXg+9clU+PY+BDQ==",12
"l4NlXn7TWr6sLeGGDEbXfQ==","3ZjoxOm+X8KGpWJD66yXWg==",2
"l4NlXn7TWr6sLeGGDEbXfQ==","52p8C8+LXbK+ebH4Lx49lA==",2
"l4NlXn7TWr6sLeGGDEbXfQ==","PT3rMO0pUeqI5IAa4uEfbQ==",2
"l4NlXn7TWr6sLeGGDEbXfQ==","j1DMPODHVIGQu2VFIFefLQ==",1
"l87bcQjtUrWzhFEoa9T10Q==","3ZjoxOm+X8KGpWJD66yXWg==",214
"l87bcQjtUrWzhFEoa9T10Q==","GCtef0QTUiy12ZM6oNEfWw==",6
"l87bcQjtUrWzhFEoa9T10Q==","t8xx9btQW5+WyPONDddcHQ==",4
"lUXT5aRmUvuk9fSJZ7c0QQ==","v9ADRQ8tXkW6l6JmCBrTdw==",120
"lezvkheBVIO7quyFpAYmQw==","3ZjoxOm+X8KGpWJD66yXWg==",52
"lkxEx/pEUb+uwYa4XQ7i2w==","3ZjoxOm+X8KGpWJD66yXWg==",70
"loDPnqQfW2OkYctWK5CROg==","3ZjoxOm+X8KGpWJD66yXWg==",11
"lqRmXlDpVESnJDW4YxbsGg==","3ZjoxOm+X8KGpWJD66yXWg==",4
"m/IIotrHX5epRnKGIftCrg==","3ZjoxOm+X8KGpWJD66yXWg==",48
"mDwdU9lCWuSKnHOOPqV7Pw==","3ZjoxOm+X8KGpWJD66yXWg==",2
"mtEUIx5CUVq421vB0nzIug==","3ZjoxOm+X8KGpWJD66yXWg==",1
"murKrSFPU+25xpceChSGbg==","3ZjoxOm+X8KGpWJD66yXWg==",722
"mwWkSkOLWkCdz7Hv4O4gNg==","6tcYm0Y0U+SqZDgb3DSn0A==",1
"myeIV6nKV8GScf/U7e4Vnw==","3ZjoxOm+X8KGpWJD66yXWg==",1047
"n8fDHDG0X9aPdxT7h+0fGQ==","Vtjf1GuoWfq0F5w6zyHDAw==",34
"nDdc9zBfUCivc1/4m9gLXw==","63oqDVbvWxiOUdR7TckE5Q==",1
"nRONKc82W7yD63FAl2uErw==","3ZjoxOm+X8KGpWJD66yXWg==",108
"nU2iCpGuUNSeh+7LTYfq+A==","aRM7/22xXS6Yu2hWR0VVSw==",2
"nX5mihKFX5S0ZKAarlFztA==","3ZjoxOm+X8KGpWJD66yXWg==",188
"nZQx2UpsXg+9clU+PY+BDQ==","hpkEp0jqXbWARSMZUf+b8g==",5
"nZQx2UpsXg+9clU+PY+BDQ==","sVOMKl8XX0ijv5FXs9ZeIA==",1
"nfVUB13QUb6apipQ855VKA==","3ZjoxOm+X8KGpWJD66yXWg==",12
"ngU4dNBTVcuqRHUlH5CsbA==","3ZjoxOm+X8KGpWJD66yXWg==",3
"oBw5a6hbV/WpGEM0XiZA3w==","3ZjoxOm+X8KGpWJD66yXWg==",6
"oEtiSTczVGm3pZMfy7r+vw==","3ZjoxOm+X8KGpWJD66yXWg==",4
"oGiGON1kXxGYFxor46AIQg==","3ZjoxOm+X8KGpWJD66yXWg==",6
"opLp/EusUNe6mKXCBu6uLw==","3ZjoxOm+X8KGpWJD66yXWg==",112
"osDK+R5RUIuhoAHqn/hINg==","3ZjoxOm+X8KGpWJD66yXWg==",19
"p/uvrKEtXZyYglGBglrvSA==","3ZjoxOm+X8KGpWJD66yXWg==",29
"p4Wr7pJhU16gWNqTSTYCew==","3ZjoxOm+X8KGpWJD66yXWg==",4
"p6BL1AUIX4yXmcyRVYAqUw==","3ZjoxOm+X8KGpWJD66yXWg==",5
"p7XxwPapWqCihK1d7Avy4g==","3ZjoxOm+X8KGpWJD66yXWg==",1
"p7bNKVLRWceZWYBTQv+sSA==","3ZjoxOm+X8KGpWJD66yXWg==",22
"pA1sZjvYW8Svhc22+PHOLg==","3ZjoxOm+X8KGpWJD66yXWg==",7899
"pA1sZjvYW8Svhc22+PHOLg==","J7l1f/EAWlGf/maKnLjakw==",2
"pA1sZjvYW8Svhc22+PHOLg==","dOHFDXBPWUq3GFd5B6zj3g==",1
"pA1sZjvYW8Svhc22+PHOLg==","ehSGM6vvU/WRRzb2pAm8lw==",17
"pA1sZjvYW8Svhc22+PHOLg==","hBFBYpQDUm+wh3AE3xqDsg==",1
"pPpfWSkMXgizilg/N0hwJw==","RQb+/TaWVOq2C/6UFYft9A==",1
"pc4RpCy+UTy0ETop+y+8wg==","YrXQ6LYfVRSR/fEOwsWr4g==",3
"pc4RpCy+UTy0ETop+y+8wg==","a0Bzdl1xU46MJhQKf0QYTA==",1
"pgHc9KThUMimxHQJJ7HxvA==","3ZjoxOm+X8KGpWJD66yXWg==",2
"plW7gg+7W1e69trJumMs2w==","3ZjoxOm+X8KGpWJD66yXWg==",1112
"plW7gg+7W1e69trJumMs2w==","6tcYm0Y0U+SqZDgb3DSn0A==",220
"pniPoPP7WjqC2kbgN89WdA==","3ZjoxOm+X8KGpWJD66yXWg==",199
"pniPoPP7WjqC2kbgN89WdA==","bHBY27p1Xl2+4yHNzsA1PQ==",4
"ppgYcr/hW9CZzF9XhMNclw==","6ZbUa4oCV12RGEVmQDWLAw==",12
"ppgYcr/hW9CZzF9XhMNclw==","8/onIJz0VGSOnlTBcomH/A==",10
"ppgYcr/hW9CZzF9XhMNclw==","8ok51eVmXTeSk0FlgAC/7w==",1
"ppgYcr/hW9CZzF9XhMNclw==","Acm6nZFVVxS+IutmvHboAg==",6
"ppgYcr/hW9CZzF9XhMNclw==","DOiaPnrJWaGnAn+l1xZguA==",1
"ppgYcr/hW9CZzF9XhMNclw==","EKgJ7vrNWY+jgVoL6TfPng==",1
"ppgYcr/hW9CZzF9XhMNclw==","FmAZG/KsXHyZcbtZEjru1w==",1
"ppgYcr/hW9CZzF9XhMNclw==","GCtef0QTUiy12ZM6oNEfWw==",3
"ppgYcr/hW9CZzF9XhMNclw==","Gx05AqWBW2OIWT/aXFD1Pg==",1
"ppgYcr/hW9CZzF9XhMNclw==","Q2375hxTVD2+MGW7y4uLNw==",1
"ppgYcr/hW9CZzF9XhMNclw==","Srdkce9RXdWwCAWrKNDb7g==",142
"ppgYcr/hW9CZzF9XhMNclw==","Vtjf1GuoWfq0F5w6zyHDAw==",24
"ppgYcr/hW9CZzF9XhMNclw==","YjDjrz4lU3y63hvJ5k6VyA==",1
"ppgYcr/hW9CZzF9XhMNclw==","ZHI6PQx1XvCF+JmLjpwkOg==",1
"pyt4woa8Voq16D/qW/1Tbg==","JmtU67g5W1+VJEPLS+PdfQ==",2
"pyt4woa8Voq16D/qW/1Tbg==","OpeRhGfOUmuIvoDEZvIy0A==",2
"pyt4woa8Voq16D/qW/1Tbg==","PRz0obrIXwe0zN+el7E2lQ==",2
"q/I3jNUSW0SqxPNjlru/jQ==","0yd99stpXMW98ycgIDk9Mg==",91
"q/I3jNUSW0SqxPNjlru/jQ==","3ZjoxOm+X8KGpWJD66yXWg==",1612
"qCTqu6qBXqS1ePoLE56d3w==","3ZjoxOm+X8KGpWJD66yXWg==",6
"qIcJJe9nUUqOmdkqUpoigA==","0PPf7WrsWS+NVZ4V0MBu4g==",5
"qIcJJe9nUUqOmdkqUpoigA==","Xa6DX8zQUxaacM7DRCosXQ==",5
"qMf+AR2PXUi/QYhDEqbf1g==","3ZjoxOm+X8KGpWJD66yXWg==",220
"qPrroFcSXeS33msOIgx1xA==","X2e494wFUMWWQhWEkW7/FQ==",1
"qgjzjREjXt2wWolej06d8Q==","3ZjoxOm+X8KGpWJD66yXWg==",1
"qgjzjREjXt2wWolej06d8Q==","HU07gYV0ULCbEr6YjJWk/A==",2
"siR+E3QOUi+0DPb+nN1saA==","Vtjf1GuoWfq0F5w6zyHDAw==",1
"skEOAWwmUG21ljULzzfgiw==","GCtef0QTUiy12ZM6oNEfWw==",1
"stKhaRUGUM+9Ggvrgrs83Q==","3ZjoxOm+X8KGpWJD66yXWg==",81
"stKhaRUGUM+9Ggvrgrs83Q==","D/n4n+GcUe2Tgugn7SRLnw==",10
"stKhaRUGUM+9Ggvrgrs83Q==","PrR+s+uSW8iPdM80d/2oKw==",3
"tCgVQdMrXEKvgtYNrd00eA==","pyt4woa8Voq16D/qW/1Tbg==",2
"tCgVQdMrXEKvgtYNrd00eA==","pzJZkyU1UDW/XyX1e+aK9Q==",10
"tCgVQdMrXEKvgtYNrd00eA==","vDPvPO6CWj6x6aKKfRc3xA==",4
"tDUPAD1JXf+FRikly6Jmog==","3ZjoxOm+X8KGpWJD66yXWg==",2
"tIEG7Q29VFuZvc8jTb0nDQ==","3ZjoxOm+X8KGpWJD66yXWg==",122
"tMEaYbtHXaGrDk4ut+pA6w==","3ZjoxOm+X8KGpWJD66yXWg==",2
"tU0P44QYWtGddd1ZHhTe/Q==","3ZjoxOm+X8KGpWJD66yXWg==",3
"tbDIbgfQVmmVGcZKBApUQQ==","0yd99stpXMW98ycgIDk9Mg==",2
"tbDIbgfQVmmVGcZKBApUQQ==","3ZjoxOm+X8KGpWJD66yXWg==",53
"tbDIbgfQVmmVGcZKBApUQQ==","jNIRxpt2UL6p33t9HVZqdA==",31
"teRzF8ciXJCiQuH1rKiU2A==","3ZjoxOm+X8KGpWJD66yXWg==",2
"tskU8fp/VsOXz/PkmAQTFg==","3ZjoxOm+X8KGpWJD66yXWg==",4
"vUl5gb9vXvqzY9chOSfE0Q==","3ZjoxOm+X8KGpWJD66yXWg==",3
"vYFCvmq2VM+aY0Bk8NE9dQ==","3ZjoxOm+X8KGpWJD66yXWg==",50
"vYVKpEX5WTyruL5NNeWF9w==","3ZjoxOm+X8KGpWJD66yXWg==",17
"xQlRMd5ZXX+S4fHT6ueoYw==","ijGIoXCqUnGCzdLuLx/5Ww==",4
"xkaIo1YnULqEKuIatmYDPw==","0yd99stpXMW98ycgIDk9Mg==",5
"yd4GdpT9XAmvDzYn5zSGKw==","ppgYcr/hW9CZzF9XhMNclw==",1
"ygL3rPBhWSCcRSzcLMhJJA==","ZGKzxcxTWdGNz57ipISgIw==",6
"yhVgSZO2WfqhckQZwHHu2Q==","5HMDZ+VuWLCZVgZaFN68Xg==",2
"yhVgSZO2WfqhckQZwHHu2Q==","Ca327zEAUoOUppepXoK5Ww==",1
"yhVgSZO2WfqhckQZwHHu2Q==","YuoBfuchXwCOd306kAQh5Q==",1
"yhVgSZO2WfqhckQZwHHu2Q==","sfVWhJv2VtCgKu+b3SAvVg==",1
"ytaGiy2pVPmpaBWGuBCDVg==","3ZjoxOm+X8KGpWJD66yXWg==",223
"yv2XwqK4VtabLbj21yeUag==","HU07gYV0ULCbEr6YjJWk/A==",12
"z2OVwCICUO6d/3IFd/SpAQ==","3ZjoxOm+X8KGpWJD66yXWg==",5
"z7Q/V4YmXjadbiVuZ7L26Q==","3ZjoxOm+X8KGpWJD66yXWg==",1799
"zG25ngPOVD6nooXCoWvfvQ==","3ZjoxOm+X8KGpWJD66yXWg==",71
"zI5bAtcHWiW62FhUqawY9g==","3ZjoxOm+X8KGpWJD66yXWg==",2
"zLYadaBaXz+FOBRdM6AFRw==","3ZjoxOm+X8KGpWJD66yXWg==",315
"zQyeVPluXYyFYQJ5RpwTLQ==","BxlB6zCnVA6XXHcDqSfkJg==",3
"zQyeVPluXYyFYQJ5RpwTLQ==","pOuScQzsUYeOzq9cpRLJZw==",2
"zR/tXN8WXcCJpC6VT0cyzw==","3ZjoxOm+X8KGpWJD66yXWg==",68
"zSs1bwTtUp2ptrLlptTd5Q==","3ZjoxOm+X8KGpWJD66yXWg==",4
"zUhIeweqXymTakwoCJCrwQ==","3ZjoxOm+X8KGpWJD66yXWg==",1
"zgsKLE6ZXg+PRoDk5/Y6xw==","3ZjoxOm+X8KGpWJD66yXWg==",2
"zjRarUE0X9i01HBHL4kfRA==","3ZjoxOm+X8KGpWJD66yXWg==",126
"zjRarUE0X9i01HBHL4kfRA==","Vtjf1GuoWfq0F5w6zyHDAw==",10
"zxMabQ1WX6SMB9JnYHe6kQ==","3ZjoxOm+X8KGpWJD66yXWg==",393
"zzY/xgpdXhm3ORHIkr25UA==","+CY58D3RXbaPGtbNczkwkA==",34
"zzY/xgpdXhm3ORHIkr25UA==","/t/Orqw3XWm0ZCcR/wTqTg==",4
"zzY/xgpdXhm3ORHIkr25UA==","3ZjoxOm+X8KGpWJD66yXWg==",129
"zzY/xgpdXhm3ORHIkr25UA==","8ok51eVmXTeSk0FlgAC/7w==",3
"zzY/xgpdXhm3ORHIkr25UA==","DULXrMxgXEizjvtQ7q/BqQ==",143
"zzY/xgpdXhm3ORHIkr25UA==","EU0ESwjRVQy83CkIjLbgwg==",4
"zzY/xgpdXhm3ORHIkr25UA==","GCtef0QTUiy12ZM6oNEfWw==",15
"zzY/xgpdXhm3ORHIkr25UA==","HL6mOmwyXrq4T9XmF2Ufjg==",4
"zzY/xgpdXhm3ORHIkr25UA==","JARsKB/KVqiVlCEIh5Y7MQ==",8
"zzY/xgpdXhm3ORHIkr25UA==","LcV/seTbWuWzKMfsd572iA==",4
"zzY/xgpdXhm3ORHIkr25UA==","NPI5u7ZxULmVIT/cg8R5gQ==",3
"zzY/xgpdXhm3ORHIkr25UA==","Qq1bBdINUGSGqkwrhny7/w==",7
"zzY/xgpdXhm3ORHIkr25UA==","Srdkce9RXdWwCAWrKNDb7g==",38
"zzY/xgpdXhm3ORHIkr25UA==","WgRbG5RqWL2juqgk0+P03g==",133
"zzY/xgpdXhm3ORHIkr25UA==","cUcvHVnSWPSc+cvpmNP5IQ==",6
"zzY/xgpdXhm3ORHIkr25UA==","dy42m4aTVpqLpCFkUR4SzA==",4
"zzY/xgpdXhm3ORHIkr25UA==","hCRzpUriW1OdT5/VXKOvbQ==",23
NA,NA,NA
NA,NA,NA
NA,NA,NA
NA,NA,NA
NA,NA,NA
NA,NA,NA
NA,NA,NA
NA,NA,NA
NA,NA,NA
NA,NA,NA
NA,NA,NA
NA,NA,NA
NA,NA,NA
NA,NA,NA
NA,NA,NA
NA,NA,NA
NA,NA,NA
NA,NA,NA
NA,NA,NA
NA,NA,NA
NA,NA,NA
NA,NA,NA
NA,NA,NA
NA,NA,NA
NA,NA,NA
NA,NA,NA
NA,NA,NA
NA,NA,NA
NA,NA,NA
NA,NA,NA
NA,NA,NA
NA,NA,NA
NA,NA,NA
NA,NA,NA
NA,NA,NA
NA,NA,NA
NA,NA,NA
NA,NA,NA
NA,NA,NA
NA,NA,NA
NA,NA,NA
NA,NA,NA
NA,NA,NA
NA,NA,NA
NA,NA,NA
NA,NA,NA
NA,NA,NA
NA,NA,NA
NA,NA,NA
NA,NA,NA
NA,NA,NA
NA,NA,NA
NA,NA,NA
NA,NA,NA
NA,NA,NA
NA,NA,NA
NA,NA,NA
NA,NA,NA
NA,NA,NA
NA,NA,NA
NA,NA,NA
NA,NA,NA
NA,NA,NA
NA,NA,NA
NA,NA,NA
NA,NA,NA
NA,NA,NA
NA,NA,NA
NA,NA,NA
NA,NA,NA
NA,NA,NA
NA,NA,NA
NA,NA,NA
NA,NA,NA
NA,NA,NA
NA,NA,NA
NA,NA,NA
NA,NA,NA
NA,NA,NA
NA,NA,NA
NA,NA,NA
NA,NA,NA
NA,NA,NA
NA,NA,NA
NA,NA,NA
NA,NA,NA
NA,NA,NA
NA,NA,NA
NA,NA,NA
NA,NA,NA
NA,NA,NA
NA,NA,NA
NA,NA,NA
NA,NA,NA
NA,NA,NA
NA,NA,NA
NA,NA,NA
NA,NA,NA
NA,NA,NA
NA,NA,NA
NA,NA,NA
NA,NA,NA
NA,NA,NA
NA,NA,NA
NA,NA,NA
NA,NA,NA
NA,NA,NA
NA,NA,NA
NA,NA,NA
NA,NA,NA
NA,NA,NA
NA,NA,NA
NA,NA,NA
NA,NA,NA
NA,NA,NA
NA,NA,NA
NA,NA,NA
NA,NA,NA
NA,NA,NA
NA,NA,NA
NA,NA,NA
NA,NA,NA
NA,NA,NA
NA,NA,NA
NA,NA,NA
NA,NA,NA
NA,NA,NA
NA,NA,NA
NA,NA,NA
NA,NA,NA
NA,NA,NA
NA,NA,NA
NA,NA,NA
NA,NA,NA
NA,NA,NA
NA,NA,NA
NA,NA,NA
NA,NA,NA
NA,NA,NA
NA,NA,NA
NA,NA,NA
NA,NA,NA
NA,NA,NA
NA,NA,NA
NA,NA,NA
NA,NA,NA
NA,NA,NA
NA,NA,NA
NA,NA,NA
NA,NA,NA
NA,NA,NA
NA,NA,NA
NA,NA,NA
NA,NA,NA
NA,NA,NA
NA,NA,NA
NA,NA,NA
NA,NA,NA
NA,NA,NA
NA,NA,NA
NA,NA,NA
NA,NA,NA
NA,NA,NA
NA,NA,NA
NA,NA,NA
NA,NA,NA
NA,NA,NA
NA,NA,NA
NA,NA,NA
NA,NA,NA
NA,NA,NA
NA,NA,NA
NA,NA,NA
NA,NA,NA
NA,NA,NA
NA,NA,NA
NA,NA,NA
NA,NA,NA
NA,NA,NA
NA,NA,NA
NA,NA,NA
NA,NA,NA
NA,NA,NA
NA,NA,NA
NA,NA,NA
NA,NA,NA
NA,NA,NA
NA,NA,NA
NA,NA,NA
NA,NA,NA
NA,NA,NA
NA,NA,NA
NA,NA,NA
NA,NA,NA
NA,NA,NA
NA,NA,NA
NA,NA,NA
NA,NA,NA
NA,NA,NA
NA,NA,NA
NA,NA,NA
NA,NA,NA
NA,NA,NA
NA,NA,NA
NA,NA,NA
NA,NA,NA
NA,NA,NA
NA,NA,NA
NA,NA,NA
NA,NA,NA
NA,NA,NA
NA,NA,NA
NA,NA,NA
NA,NA,NA
NA,NA,NA
NA,NA,NA
NA,NA,NA
NA,NA,NA
NA,NA,NA
NA,NA,NA
NA,NA,NA
NA,NA,NA
NA,NA,NA
NA,NA,NA
NA,NA,NA
NA,NA,NA
NA,NA,NA
NA,NA,NA
NA,NA,NA
NA,NA,NA
NA,NA,NA
NA,NA,NA
NA,NA,NA
NA,NA,NA
NA,NA,NA
NA,NA,NA
NA,NA,NA
NA,NA,NA
NA,NA,NA
NA,NA,NA
NA,NA,NA
NA,NA,NA
NA,NA,NA
NA,NA,NA
NA,NA,NA
NA,NA,NA
NA,NA,NA
NA,NA,NA
NA,NA,NA
NA,NA,NA
NA,NA,NA
NA,NA,NA
NA,NA,NA
NA,NA,NA
NA,NA,NA
NA,NA,NA
NA,NA,NA
NA,NA,NA
NA,NA,NA
NA,NA,NA
NA,NA,NA
NA,NA,NA
NA,NA,NA
NA,NA,NA
NA,NA,NA
NA,NA,NA
NA,NA,NA
NA,NA,NA
NA,NA,NA
NA,NA,NA
NA,NA,NA
NA,NA,NA
NA,NA,NA
NA,NA,NA
NA,NA,NA
NA,NA,NA
NA,NA,NA
NA,NA,NA
NA,NA,NA
NA,NA,NA
NA,NA,NA
NA,NA,NA
NA,NA,NA
NA,NA,NA
NA,NA,NA
NA,NA,NA
NA,NA,NA
NA,NA,NA
NA,NA,NA
NA,NA,NA
NA,NA,NA
NA,NA,NA
NA,NA,NA
NA,NA,NA
NA,NA,NA
NA,NA,NA
NA,NA,NA
NA,NA,NA
NA,NA,NA
NA,NA,NA
NA,NA,NA
NA,NA,NA
NA,NA,NA
NA,NA,NA
NA,NA,NA
NA,NA,NA
NA,NA,NA
NA,NA,NA
NA,NA,NA
NA,NA,NA
NA,NA,NA
NA,NA,NA
NA,NA,NA
NA,NA,NA
NA,NA,NA
NA,NA,NA
NA,NA,NA
NA,NA,NA
NA,NA,NA
NA,NA,NA
NA,NA,NA
NA,NA,NA
NA,NA,NA
NA,NA,NA
NA,NA,NA
NA,NA,NA
NA,NA,NA
NA,NA,NA
NA,NA,NA
NA,NA,NA
NA,NA,NA
NA,NA,NA
NA,NA,NA
NA,NA,NA
NA,NA,NA
NA,NA,NA
NA,NA,NA
NA,NA,NA
NA,NA,NA
NA,NA,NA
NA,NA,NA
NA,NA,NA
NA,NA,NA
NA,NA,NA
NA,NA,NA
NA,NA,NA
NA,NA,NA
NA,NA,NA
NA,NA,NA
NA,NA,NA
NA,NA,NA
NA,NA,NA
NA,NA,NA
NA,NA,NA
NA,NA,NA
NA,NA,NA
NA,NA,NA
NA,NA,NA
NA,NA,NA
NA,NA,NA
NA,NA,NA
NA,NA,NA
NA,NA,NA
NA,NA,NA
NA,NA,NA
NA,NA,NA
NA,NA,NA
NA,NA,NA
NA,NA,NA
NA,NA,NA
NA,NA,NA
NA,NA,NA
NA,NA,NA
NA,NA,NA
NA,NA,NA
NA,NA,NA
NA,NA,NA
NA,NA,NA
NA,NA,NA
NA,NA,NA
NA,NA,NA
NA,NA,NA
NA,NA,NA
NA,NA,NA
NA,NA,NA
NA,NA,NA
NA,NA,NA
NA,NA,NA
NA,NA,NA
NA,NA,NA
NA,NA,NA
NA,NA,NA
NA,NA,NA
NA,NA,NA
NA,NA,NA
NA,NA,NA
NA,NA,NA
NA,NA,NA
NA,NA,NA
NA,NA,NA
NA,NA,NA
NA,NA,NA
NA,NA,NA
NA,NA,NA
NA,NA,NA
NA,NA,NA
NA,NA,NA
NA,NA,NA
NA,NA,NA
NA,NA,NA
NA,NA,NA
NA,NA,NA
NA,NA,NA
NA,NA,NA
NA,NA,NA
NA,NA,NA
NA,NA,NA
NA,NA,NA
NA,NA,NA
NA,NA,NA
NA,NA,NA
NA,NA,NA
NA,NA,NA
NA,NA,NA
NA,NA,NA
NA,NA,NA
NA,NA,NA
NA,NA,NA
NA,NA,NA
NA,NA,NA
NA,NA,NA
NA,NA,NA
NA,NA,NA
NA,NA,NA
NA,NA,NA
NA,NA,NA
NA,NA,NA
NA,NA,NA
NA,NA,NA
NA,NA,NA
NA,NA,NA
NA,NA,NA
NA,NA,NA
NA,NA,NA
NA,NA,NA
NA,NA,NA
NA,NA,NA
NA,NA,NA
NA,NA,NA
NA,NA,NA
NA,NA,NA
NA,NA,NA
NA,NA,NA
NA,NA,NA
NA,NA,NA
NA,NA,NA
NA,NA,NA
NA,NA,NA
NA,NA,NA
NA,NA,NA
NA,NA,NA
NA,NA,NA
NA,NA,NA
NA,NA,NA
NA,NA,NA
NA,NA,NA
NA,NA,NA
NA,NA,NA
NA,NA,NA
NA,NA,NA
NA,NA,NA
NA,NA,NA
NA,NA,NA
NA,NA,NA
NA,NA,NA
NA,NA,NA
NA,NA,NA
NA,NA,NA
NA,NA,NA
NA,NA,NA
NA,NA,NA
NA,NA,NA
NA,NA,NA
NA,NA,NA
NA,NA,NA
NA,NA,NA
NA,NA,NA
NA,NA,NA
NA,NA,NA
NA,NA,NA
NA,NA,NA
NA,NA,NA
NA,NA,NA
NA,NA,NA
NA,NA,NA
NA,NA,NA
NA,NA,NA
NA,NA,NA
NA,NA,NA
NA,NA,NA
NA,NA,NA
NA,NA,NA
NA,NA,NA
NA,NA,NA
NA,NA,NA
NA,NA,NA
NA,NA,NA
NA,NA,NA
NA,NA,NA
NA,NA,NA
NA,NA,NA
NA,NA,NA
NA,NA,NA
NA,NA,NA
NA,NA,NA
NA,NA,NA
NA,NA,NA
NA,NA,NA
NA,NA,NA
NA,NA,NA
NA,NA,NA
NA,NA,NA
NA,NA,NA
NA,NA,NA
NA,NA,NA
NA,NA,NA
NA,NA,NA
NA,NA,NA
NA,NA,NA
NA,NA,NA
NA,NA,NA
NA,NA,NA
NA,NA,NA
NA,NA,NA
NA,NA,NA
NA,NA,NA
NA,NA,NA
NA,NA,NA
NA,NA,NA
NA,NA,NA
NA,NA,NA
NA,NA,NA
NA,NA,NA
NA,NA,NA
NA,NA,NA
NA,NA,NA
NA,NA,NA
NA,NA,NA
NA,NA,NA
NA,NA,NA
NA,NA,NA
NA,NA,NA
NA,NA,NA
NA,NA,NA
NA,NA,NA
NA,NA,NA
NA,NA,NA
NA,NA,NA
NA,NA,NA
NA,NA,NA
NA,NA,NA
NA,NA,NA
NA,NA,NA
NA,NA,NA
NA,NA,NA
NA,NA,NA
NA,NA,NA
NA,NA,NA
NA,NA,NA
NA,NA,NA
NA,NA,NA
NA,NA,NA
NA,NA,NA
NA,NA,NA
NA,NA,NA
NA,NA,NA
NA,NA,NA
NA,NA,NA
NA,NA,NA
NA,NA,NA
NA,NA,NA
NA,NA,NA
NA,NA,NA
NA,NA,NA
NA,NA,NA
NA,NA,NA
NA,NA,NA
NA,NA,NA
NA,NA,NA
NA,NA,NA
NA,NA,NA
NA,NA,NA
NA,NA,NA
NA,NA,NA
NA,NA,NA
NA,NA,NA
NA,NA,NA
NA,NA,NA
NA,NA,NA
NA,NA,NA
NA,NA,NA
NA,NA,NA
NA,NA,NA
NA,NA,NA
NA,NA,NA
NA,NA,NA
NA,NA,NA
NA,NA,NA
NA,NA,NA
NA,NA,NA
NA,NA,NA
NA,NA,NA
NA,NA,NA
NA,NA,NA
NA,NA,NA
NA,NA,NA
NA,NA,NA
NA,NA,NA
NA,NA,NA
NA,NA,NA
NA,NA,NA
NA,NA,NA
NA,NA,NA
NA,NA,NA
NA,NA,NA
NA,NA,NA
NA,NA,NA
NA,NA,NA
NA,NA,NA
NA,NA,NA
NA,NA,NA
NA,NA,NA
NA,NA,NA
NA,NA,NA
NA,NA,NA
NA,NA,NA
NA,NA,NA
NA,NA,NA
NA,NA,NA
NA,NA,NA
NA,NA,NA
NA,NA,NA
NA,NA,NA
NA,NA,NA
NA,NA,NA
NA,NA,NA
NA,NA,NA
NA,NA,NA
NA,NA,NA
NA,NA,NA
NA,NA,NA
NA,NA,NA
NA,NA,NA
NA,NA,NA
NA,NA,NA
NA,NA,NA
NA,NA,NA
NA,NA,NA
NA,NA,NA
NA,NA,NA
NA,NA,NA
NA,NA,NA
NA,NA,NA
NA,NA,NA
NA,NA,NA
NA,NA,NA
NA,NA,NA
NA,NA,NA
NA,NA,NA
NA,NA,NA
NA,NA,NA
NA,NA,NA
NA,NA,NA
NA,NA,NA
NA,NA,NA
NA,NA,NA
NA,NA,NA
NA,NA,NA
NA,NA,NA
NA,NA,NA
NA,NA,NA
NA,NA,NA
NA,NA,NA
NA,NA,NA
NA,NA,NA
NA,NA,NA
NA,NA,NA
NA,NA,NA
NA,NA,NA
NA,NA,NA
NA,NA,NA
NA,NA,NA
NA,NA,NA
NA,NA,NA
NA,NA,NA
NA,NA,NA
NA,NA,NA
NA,NA,NA
NA,NA,NA
NA,NA,NA
NA,NA,NA
NA,NA,NA
NA,NA,NA
NA,NA,NA
NA,NA,NA
NA,NA,NA
NA,NA,NA
NA,NA,NA
NA,NA,NA
NA,NA,NA
NA,NA,NA
NA,NA,NA
NA,NA,NA
NA,NA,NA
NA,NA,NA
NA,NA,NA
NA,NA,NA
NA,NA,NA
NA,NA,NA
NA,NA,NA
NA,NA,NA
NA,NA,NA
NA,NA,NA
NA,NA,NA
NA,NA,NA
NA,NA,NA
NA,NA,NA
NA,NA,NA
NA,NA,NA
NA,NA,NA
NA,NA,NA
NA,NA,NA
NA,NA,NA
NA,NA,NA
NA,NA,NA
NA,NA,NA
NA,NA,NA
NA,NA,NA
NA,NA,NA
NA,NA,NA
NA,NA,NA
NA,NA,NA
NA,NA,NA
NA,NA,NA
NA,NA,NA
NA,NA,NA
NA,NA,NA
NA,NA,NA
NA,NA,NA
NA,NA,NA
NA,NA,NA
NA,NA,NA
NA,NA,NA
NA,NA,NA
NA,NA,NA
NA,NA,NA
NA,NA,NA
NA,NA,NA
NA,NA,NA
NA,NA,NA
NA,NA,NA
NA,NA,NA
NA,NA,NA
NA,NA,NA
NA,NA,NA
NA,NA,NA
NA,NA,NA
NA,NA,NA
NA,NA,NA
NA,NA,NA
NA,NA,NA
NA,NA,NA
NA,NA,NA
NA,NA,NA
NA,NA,NA
NA,NA,NA
NA,NA,NA
NA,NA,NA
NA,NA,NA
NA,NA,NA
NA,NA,NA
NA,NA,NA
NA,NA,NA
NA,NA,NA
NA,NA,NA
NA,NA,NA
NA,NA,NA
NA,NA,NA
NA,NA,NA
NA,NA,NA
NA,NA,NA
NA,NA,NA
NA,NA,NA
NA,NA,NA
NA,NA,NA
NA,NA,NA
NA,NA,NA
NA,NA,NA
NA,NA,NA
NA,NA,NA
NA,NA,NA
NA,NA,NA
NA,NA,NA
NA,NA,NA
NA,NA,NA
NA,NA,NA
NA,NA,NA
NA,NA,NA
NA,NA,NA
NA,NA,NA
NA,NA,NA
NA,NA,NA
NA,NA,NA
NA,NA,NA
NA,NA,NA
NA,NA,NA
NA,NA,NA
NA,NA,NA
NA,NA,NA
NA,NA,NA
NA,NA,NA
NA,NA,NA
NA,NA,NA
NA,NA,NA
NA,NA,NA
NA,NA,NA
NA,NA,NA
NA,NA,NA
NA,NA,NA
NA,NA,NA
NA,NA,NA
NA,NA,NA
NA,NA,NA
NA,NA,NA
NA,NA,NA
NA,NA,NA
NA,NA,NA
NA,NA,NA
NA,NA,NA
NA,NA,NA
NA,NA,NA
NA,NA,NA
NA,NA,NA
NA,NA,NA
NA,NA,NA
NA,NA,NA
NA,NA,NA
NA,NA,NA
NA,NA,NA
NA,NA,NA
NA,NA,NA
NA,NA,NA
NA,NA,NA
NA,NA,NA
NA,NA,NA
NA,NA,NA
NA,NA,NA
NA,NA,NA
NA,NA,NA
NA,NA,NA
NA,NA,NA
NA,NA,NA
NA,NA,NA
NA,NA,NA
NA,NA,NA
NA,NA,NA
NA,NA,NA
NA,NA,NA
NA,NA,NA
NA,NA,NA
NA,NA,NA
NA,NA,NA
NA,NA,NA
NA,NA,NA
NA,NA,NA
NA,NA,NA
NA,NA,NA
NA,NA,NA
NA,NA,NA
NA,NA,NA
NA,NA,NA
NA,NA,NA
NA,NA,NA
NA,NA,NA
NA,NA,NA
NA,NA,NA
NA,NA,NA
NA,NA,NA
NA,NA,NA
NA,NA,NA
NA,NA,NA
NA,NA,NA
NA,NA,NA
NA,NA,NA
NA,NA,NA
NA,NA,NA
NA,NA,NA
NA,NA,NA
NA,NA,NA
NA,NA,NA
NA,NA,NA
NA,NA,NA
NA,NA,NA
NA,NA,NA
NA,NA,NA
NA,NA,NA
NA,NA,NA
NA,NA,NA
NA,NA,NA
NA,NA,NA
NA,NA,NA
NA,NA,NA
NA,NA,NA
NA,NA,NA
NA,NA,NA
NA,NA,NA
NA,NA,NA
NA,NA,NA
NA,NA,NA
NA,NA,NA
NA,NA,NA
NA,NA,NA
NA,NA,NA
NA,NA,NA
NA,NA,NA
NA,NA,NA
NA,NA,NA
NA,NA,NA
NA,NA,NA
NA,NA,NA
NA,NA,NA
NA,NA,NA
NA,NA,NA
NA,NA,NA
NA,NA,NA
NA,NA,NA
NA,NA,NA
NA,NA,NA
NA,NA,NA
NA,NA,NA
NA,NA,NA
NA,NA,NA
NA,NA,NA
NA,NA,NA
NA,NA,NA
NA,NA,NA
NA,NA,NA
NA,NA,NA
NA,NA,NA
NA,NA,NA
NA,NA,NA
NA,NA,NA
NA,NA,NA
NA,NA,NA
NA,NA,NA
NA,NA,NA
NA,NA,NA
NA,NA,NA
NA,NA,NA
NA,NA,NA
NA,NA,NA
NA,NA,NA
NA,NA,NA
NA,NA,NA
NA,NA,NA
NA,NA,NA
NA,NA,NA
NA,NA,NA
NA,NA,NA
NA,NA,NA
NA,NA,NA
NA,NA,NA
NA,NA,NA
NA,NA,NA
NA,NA,NA
NA,NA,NA
NA,NA,NA
